agedays,sex,mean,sd,cv,l
0,Female,49.1477,1.86269783,0.0379,1
1,Female,49.3166,1.8656469780000002,0.03783,1
2,Female,49.4854,1.868568704,0.03776,1
3,Female,49.6543,1.87196711,0.0377,1
4,Female,49.8232,1.874847016,0.03763,1
5,Female,49.9921,1.877703276,0.03756,1
6,Female,50.1609,1.880532141,0.03749,1
7,Female,50.3298,1.883341116,0.03742,1
8,Female,50.4987,1.8861264450000002,0.03735,1
9,Female,50.6676,1.888888128,0.03728,1
10,Female,50.8365,1.89213453,0.03722,1
11,Female,51.0053,1.8948468950000001,0.03715,1
12,Female,51.1742,1.8975393360000001,0.03708,1
13,Female,51.3431,1.900208131,0.03701,1
14,Female,51.512,1.90285328,0.03694,1
15,Female,51.651,1.9059219000000003,0.0369,1
16,Female,51.7895,1.9094788649999999,0.03687,1
17,Female,51.9272,1.9124787760000002,0.03683,1
18,Female,52.0641,1.91595888,0.0368,1
19,Female,52.2002,1.918879352,0.03676,1
20,Female,52.3353,1.9222755689999997,0.03673,1
21,Female,52.4695,1.9251059549999998,0.03669,1
22,Female,52.6027,1.9284149819999998,0.03666,1
23,Female,52.7349,1.9316793870000002,0.03663,1
24,Female,52.8661,1.9348992600000001,0.0366,1
25,Female,52.9963,1.937544728,0.03656,1
26,Female,53.1255,1.940674515,0.03653,1
27,Female,53.2537,1.9437600499999999,0.0365,1
28,Female,53.3809,1.946801423,0.03647,1
29,Female,53.5072,1.9498023679999998,0.03644,1
30,Female,53.6326,1.9527629659999997,0.03641,1
31,Female,53.7571,1.9556832980000003,0.03638,1
32,Female,53.8806,1.9590986160000001,0.03636,1
33,Female,54.0031,1.9619326230000003,0.03633,1
34,Female,54.1247,1.9647266099999998,0.0363,1
35,Female,54.2454,1.9674806579999997,0.03627,1
36,Female,54.3651,1.9707348749999998,0.03625,1
37,Female,54.4839,1.9734068580000002,0.03622,1
38,Female,54.6018,1.9760391419999999,0.03619,1
39,Female,54.7187,1.979175379,0.03617,1
40,Female,54.8348,1.981729672,0.03614,1
41,Female,54.9499,1.984790388,0.03612,1
42,Female,55.0642,1.9872669779999999,0.03609,1
43,Female,55.1777,1.990259639,0.03607,1
44,Female,55.2903,1.9926624120000003,0.03604,1
45,Female,55.4021,1.9955836420000002,0.03602,1
46,Female,55.513,1.9984679999999997,0.036,1
47,Female,55.623,2.00075931,0.03597,1
48,Female,55.7322,2.00357259,0.03595,1
49,Female,55.8406,2.006352758,0.03593,1
50,Female,55.9482,2.009099862,0.03591,1
51,Female,56.0549,2.0112498120000004,0.03588,1
52,Female,56.1609,2.013929874,0.03586,1
53,Female,56.266,2.0165734399999997,0.03584,1
54,Female,56.3704,2.019187728,0.03582,1
55,Female,56.4739,2.02176562,0.0358,1
56,Female,56.5767,2.024314326,0.03578,1
57,Female,56.6788,2.026833888,0.03576,1
58,Female,56.78,2.0293172,0.03574,1
59,Female,56.8806,2.031775032,0.03572,1
60,Female,56.9805,2.03420385,0.0357,1
61,Female,57.0796,2.0366001280000003,0.03568,1
62,Female,57.1782,2.0389746119999996,0.03566,1
63,Female,57.2761,2.041320204,0.03564,1
64,Female,57.3733,2.043636946,0.03562,1
65,Female,57.4699,2.0465031390000004,0.03561,1
66,Female,57.5659,2.0487703809999998,0.03559,1
67,Female,57.6613,2.0510124409999997,0.03557,1
68,Female,57.756,2.0532258,0.03555,1
69,Female,57.8501,2.055414053,0.03553,1
70,Female,57.943600000000004,2.0581566720000004,0.03552,1
71,Female,58.0365,2.06029575,0.0355,1
72,Female,58.1288,2.062409824,0.03548,1
73,Female,58.2206,2.065084682,0.03547,1
74,Female,58.3117,2.0671497650000004,0.03545,1
75,Female,58.4022,2.0691899460000003,0.03543,1
76,Female,58.4922,2.071793724,0.03542,1
77,Female,58.5816,2.07378864,0.0354,1
78,Female,58.6705,2.0763489949999996,0.03539,1
79,Female,58.7588,2.078298756,0.03537,1
80,Female,58.8465,2.08081224,0.03536,1
81,Female,58.9337,2.0827169580000002,0.03534,1
82,Female,59.0204,2.085190732,0.03533,1
83,Female,59.1066,2.087054046,0.03531,1
84,Female,59.1922,2.0894846599999997,0.0353,1
85,Female,59.2773,2.091303144,0.03528,1
86,Female,59.3619,2.093694213,0.03527,1
87,Female,59.4459,2.0960624340000003,0.03526,1
88,Female,59.5295,2.09781958,0.03524,1
89,Female,59.6126,2.100151898,0.03523,1
90,Female,59.6952,2.101867992,0.03521,1
91,Female,59.7773,2.10416096,0.0352,1
92,Female,59.8589,2.106434691,0.03519,1
93,Female,59.9401,2.1080933170000002,0.03517,1
94,Female,60.0209,2.1103348439999996,0.03516,1
95,Female,60.1011,2.112553665,0.03515,1
96,Female,60.181,2.1147603399999997,0.03514,1
97,Female,60.2603,2.116341736,0.03512,1
98,Female,60.3393,2.118512823,0.03511,1
99,Female,60.4178,2.12066478,0.0351,1
100,Female,60.4958,2.122797622,0.03509,1
101,Female,60.5734,2.124914872,0.03508,1
102,Female,60.6506,2.126410036,0.03506,1
103,Female,60.7273,2.128491865,0.03505,1
104,Female,60.8036,2.130558144,0.03504,1
105,Female,60.8795,2.132608885,0.03503,1
106,Female,60.955,2.1346441,0.03502,1
107,Female,61.0301,2.136663801,0.03501,1
108,Female,61.1047,2.1386645000000004,0.035,1
109,Female,61.1789,2.140649711,0.03499,1
110,Female,61.2527,2.142006919,0.03497,1
111,Female,61.3261,2.143960456,0.03496,1
112,Female,61.3991,2.145898545,0.03495,1
113,Female,61.4717,2.147821198,0.03494,1
114,Female,61.5439,2.1497284270000003,0.03493,1
115,Female,61.6156,2.151616752,0.03492,1
116,Female,61.687,2.1534931699999995,0.03491,1
117,Female,61.758,2.1553542,0.0349,1
118,Female,61.8286,2.157199854,0.03489,1
119,Female,61.8988,2.159030144,0.03488,1
120,Female,61.9686,2.160845082,0.03487,1
121,Female,62.0381,2.163268547,0.03487,1
122,Female,62.1071,2.165053506,0.03486,1
123,Female,62.1758,2.16682663,0.03485,1
124,Female,62.2441,2.1685844440000004,0.03484,1
125,Female,62.312,2.1703269599999997,0.03483,1
126,Female,62.3795,2.17205419,0.03482,1
127,Female,62.4467,2.173769627,0.03481,1
128,Female,62.5135,2.1754697999999997,0.0348,1
129,Female,62.58,2.1771582,0.03479,1
130,Female,62.6461,2.179457819,0.03479,1
131,Female,62.7118,2.181116404,0.03478,1
132,Female,62.7772,2.182763244,0.03477,1
133,Female,62.8423,2.184398348,0.03476,1
134,Female,62.907,2.18601825,0.03475,1
135,Female,62.9714,2.1882561500000004,0.03475,1
136,Female,63.0354,2.1898497960000003,0.03474,1
137,Female,63.0991,2.191431743,0.03473,1
138,Female,63.1626,2.193005472,0.03472,1
139,Female,63.2257,2.194564047,0.03471,1
140,Female,63.2884,2.196740364,0.03471,1
141,Female,63.3509,2.1982762300000003,0.0347,1
142,Female,63.4131,2.199800439,0.03469,1
143,Female,63.475,2.20194775,0.03469,1
144,Female,63.5365,2.2034458200000002,0.03468,1
145,Female,63.5978,2.204935726,0.03467,1
146,Female,63.6588,2.2070505959999998,0.03467,1
147,Female,63.7196,2.208521336,0.03466,1
148,Female,63.78,2.209977,0.03465,1
149,Female,63.8402,2.21206293,0.03465,1
150,Female,63.9,2.2134959999999997,0.03464,1
151,Female,63.9597,2.214924411,0.03463,1
152,Female,64.019,2.2169779700000003,0.03463,1
153,Female,64.0781,2.2183838220000003,0.03462,1
154,Female,64.137,2.2197815700000003,0.03461,1
155,Female,64.1956,2.221809716,0.03461,1
156,Female,64.2539,2.22318494,0.0346,1
157,Female,64.312,2.2251952,0.0346,1
158,Female,64.3699,2.226554841,0.03459,1
159,Female,64.4276,2.228550684,0.03459,1
160,Female,64.485,2.2298913,0.03458,1
161,Female,64.5422,2.2312238539999996,0.03457,1
162,Female,64.5991,2.233190887,0.03457,1
163,Female,64.6559,2.234507904,0.03456,1
164,Female,64.7124,2.2364605440000003,0.03456,1
165,Female,64.7688,2.23776204,0.03455,1
166,Female,64.8249,2.239700295,0.03455,1
167,Female,64.8808,2.240982832,0.03454,1
168,Female,64.9366,2.242910164,0.03454,1
169,Female,64.9921,2.2441772129999995,0.03453,1
170,Female,65.0474,2.246086722,0.03453,1
171,Female,65.1026,2.2479927779999995,0.03453,1
172,Female,65.1576,2.249240352,0.03452,1
173,Female,65.2123,2.251128596,0.03452,1
174,Female,65.267,2.25236417,0.03451,1
175,Female,65.3214,2.254241514,0.03451,1
176,Female,65.3757,2.25546165,0.0345,1
177,Female,65.4298,2.2573281,0.0345,1
178,Female,65.4837,2.2591876500000003,0.0345,1
179,Female,65.5375,2.260388375,0.03449,1
180,Female,65.5911,2.262237039,0.03449,1
181,Female,65.6445,2.2640788049999996,0.03449,1
182,Female,65.6978,2.265260144,0.03448,1
183,Female,65.751,2.26709448,0.03448,1
184,Female,65.804,2.26826388,0.03447,1
185,Female,65.8568,2.2700838960000005,0.03447,1
186,Female,65.9095,2.271900465,0.03447,1
187,Female,65.9621,2.2737135870000005,0.03447,1
188,Female,66.0145,2.2748596699999997,0.03446,1
189,Female,66.0668,2.276661928,0.03446,1
190,Female,66.1189,2.278457294,0.03446,1
191,Female,66.1709,2.2795875050000003,0.03445,1
192,Female,66.2228,2.2813754600000005,0.03445,1
193,Female,66.2745,2.2831565250000003,0.03445,1
194,Female,66.3261,2.2842708839999997,0.03444,1
195,Female,66.3776,2.286044544,0.03444,1
196,Female,66.429,2.28781476,0.03444,1
197,Female,66.4802,2.289578088,0.03444,1
198,Female,66.5313,2.291337972,0.03444,1
199,Female,66.5823,2.2924285890000005,0.03443,1
200,Female,66.6331,2.2941776330000003,0.03443,1
201,Female,66.6839,2.2959266769999997,0.03443,1
202,Female,66.7345,2.297668835,0.03443,1
203,Female,66.785,2.2987396999999996,0.03442,1
204,Female,66.8354,2.300474468,0.03442,1
205,Female,66.8857,2.302205794,0.03442,1
206,Female,66.9359,2.303933678,0.03442,1
207,Female,66.9859,2.305654678,0.03442,1
208,Female,67.0359,2.307375678,0.03442,1
209,Female,67.0858,2.3084223780000004,0.03441,1
210,Female,67.1355,2.310132555,0.03441,1
211,Female,67.1852,2.311842732,0.03441,1
212,Female,67.2347,2.313546027,0.03441,1
213,Female,67.2842,2.315249322,0.03441,1
214,Female,67.3335,2.3169457350000005,0.03441,1
215,Female,67.3828,2.3186421480000003,0.03441,1
216,Female,67.432,2.32033512,0.03441,1
217,Female,67.481,2.3213464,0.0344,1
218,Female,67.53,2.323032,0.0344,1
219,Female,67.5789,2.32471416,0.0344,1
220,Female,67.6277,2.32639288,0.0344,1
221,Female,67.6764,2.32806816,0.0344,1
222,Female,67.725,2.3297399999999997,0.0344,1
223,Female,67.7735,2.3314084,0.0344,1
224,Female,67.8219,2.3330733599999998,0.0344,1
225,Female,67.8703,2.33473832,0.0344,1
226,Female,67.9185,2.3363964,0.0344,1
227,Female,67.9667,2.3380544800000003,0.0344,1
228,Female,68.0148,2.3397091199999998,0.0344,1
229,Female,68.0628,2.3413603199999997,0.0344,1
230,Female,68.1107,2.3430080799999997,0.0344,1
231,Female,68.1585,2.3446524,0.0344,1
232,Female,68.2063,2.34629672,0.0344,1
233,Female,68.254,2.3479376000000003,0.0344,1
234,Female,68.3016,2.34957504,0.0344,1
235,Female,68.3491,2.35120904,0.0344,1
236,Female,68.3965,2.3528396000000003,0.0344,1
237,Female,68.4439,2.35447016,0.0344,1
238,Female,68.4911,2.35609384,0.0344,1
239,Female,68.5383,2.35771752,0.0344,1
240,Female,68.5855,2.3593412,0.0344,1
241,Female,68.6325,2.3609579999999997,0.0344,1
242,Female,68.6795,2.3625748,0.0344,1
243,Female,68.7264,2.36418816,0.0344,1
244,Female,68.7732,2.3657980800000002,0.0344,1
245,Female,68.82,2.3674079999999997,0.0344,1
246,Female,68.8666,2.36901104,0.0344,1
247,Female,68.9133,2.37061752,0.0344,1
248,Female,68.9598,2.37221712,0.0344,1
249,Female,69.0063,2.3738167199999998,0.0344,1
250,Female,69.0527,2.37541288,0.0344,1
251,Female,69.099,2.37769659,0.03441,1
252,Female,69.1452,2.3792863320000004,0.03441,1
253,Female,69.1914,2.380876074,0.03441,1
254,Female,69.2376,2.3824658160000003,0.03441,1
255,Female,69.2836,2.3840486760000004,0.03441,1
256,Female,69.3296,2.385631536,0.03441,1
257,Female,69.3755,2.3872109550000005,0.03441,1
258,Female,69.4214,2.3887903740000005,0.03441,1
259,Female,69.4672,2.3903663520000005,0.03441,1
260,Female,69.5129,2.392634018,0.03442,1
261,Female,69.5585,2.3942035699999997,0.03442,1
262,Female,69.6041,2.395773122,0.03442,1
263,Female,69.6496,2.397339232,0.03442,1
264,Female,69.6951,2.398905342,0.03442,1
265,Female,69.7405,2.40046801,0.03442,1
266,Female,69.7858,2.402725094,0.03443,1
267,Female,69.8311,2.4042847730000005,0.03443,1
268,Female,69.8763,2.405841009,0.03443,1
269,Female,69.9215,2.407397245,0.03443,1
270,Female,69.9666,2.408950038,0.03443,1
271,Female,70.0116,2.411199504,0.03444,1
272,Female,70.0566,2.412749304,0.03444,1
273,Female,70.1015,2.41429566,0.03444,1
274,Female,70.1463,2.4158385719999997,0.03444,1
275,Female,70.1911,2.4173814840000003,0.03444,1
276,Female,70.2358,2.41962331,0.03445,1
277,Female,70.2805,2.4211632250000004,0.03445,1
278,Female,70.3251,2.4226996950000004,0.03445,1
279,Female,70.3697,2.424236165,0.03445,1
280,Female,70.4142,2.42576919,0.03445,1
281,Female,70.4586,2.428003356,0.03446,1
282,Female,70.503,2.4295333799999996,0.03446,1
283,Female,70.5474,2.4310634039999997,0.03446,1
284,Female,70.5917,2.432589982,0.03446,1
285,Female,70.6359,2.434819473,0.03447,1
286,Female,70.68,2.4363396,0.03447,1
287,Female,70.7241,2.437859727,0.03447,1
288,Female,70.7682,2.4400875359999996,0.03448,1
289,Female,70.8122,2.441604656,0.03448,1
290,Female,70.8561,2.4431183279999997,0.03448,1
291,Female,70.9,2.444632,0.03448,1
292,Female,70.9439,2.446855111,0.03449,1
293,Female,70.9876,2.448362324,0.03449,1
294,Female,71.0314,2.4498729860000004,0.03449,1
295,Female,71.075,2.4520875,0.0345,1
296,Female,71.1187,2.4535951500000004,0.0345,1
297,Female,71.1622,2.4550959000000003,0.0345,1
298,Female,71.2057,2.45659665,0.0345,1
299,Female,71.2492,2.458809892,0.03451,1
300,Female,71.2926,2.4603076259999996,0.03451,1
301,Female,71.3359,2.4618019089999996,0.03451,1
302,Female,71.3792,2.464009984,0.03452,1
303,Female,71.4224,2.465501248,0.03452,1
304,Female,71.4656,2.466992512,0.03452,1
305,Female,71.5088,2.4691988639999995,0.03453,1
306,Female,71.5518,2.4706836539999997,0.03453,1
307,Female,71.5949,2.4721718969999995,0.03453,1
308,Female,71.6378,2.474369612,0.03454,1
309,Female,71.6808,2.4758548320000004,0.03454,1
310,Female,71.7236,2.477333144,0.03454,1
311,Female,71.7664,2.47952912,0.03455,1
312,Female,71.8092,2.48100786,0.03455,1
313,Female,71.8519,2.483201664,0.03456,1
314,Female,71.8946,2.484677376,0.03456,1
315,Female,71.9372,2.486149632,0.03456,1
316,Female,71.9798,2.4883416859999996,0.03457,1
317,Female,72.0223,2.4898109109999997,0.03457,1
318,Female,72.0647,2.491276679,0.03457,1
319,Female,72.1071,2.493463518,0.03458,1
320,Female,72.1495,2.49492971,0.03458,1
321,Female,72.1918,2.497114362,0.03459,1
322,Female,72.234,2.49857406,0.03459,1
323,Female,72.2762,2.5000337580000003,0.03459,1
324,Female,72.3184,2.50221664,0.0346,1
325,Female,72.3605,2.5036733,0.0346,1
326,Female,72.4025,2.505850525,0.03461,1
327,Female,72.4445,2.5073041450000004,0.03461,1
328,Female,72.4865,2.5087577650000004,0.03461,1
329,Female,72.5284,2.510933208,0.03462,1
330,Female,72.5702,2.512380324,0.03462,1
331,Female,72.612,2.51455356,0.03463,1
332,Female,72.6538,2.5160010940000004,0.03463,1
333,Female,72.6955,2.5181721199999996,0.03464,1
334,Female,72.7372,2.5196166079999998,0.03464,1
335,Female,72.7788,2.5210576319999998,0.03464,1
336,Female,72.8203,2.523223395,0.03465,1
337,Female,72.8618,2.52466137,0.03465,1
338,Female,72.9033,2.5268283780000003,0.03466,1
339,Female,72.9447,2.528263302,0.03466,1
340,Female,72.9861,2.5304280869999998,0.03467,1
341,Female,73.0274,2.531859958,0.03467,1
342,Female,73.0686,2.534019048,0.03468,1
343,Female,73.1099,2.535451332,0.03468,1
344,Female,73.151,2.53760819,0.03469,1
345,Female,73.1922,2.539037418,0.03469,1
346,Female,73.2332,2.5404597079999998,0.03469,1
347,Female,73.2743,2.54261821,0.0347,1
348,Female,73.3152,2.5440374400000003,0.0347,1
349,Female,73.3562,2.546193702,0.03471,1
350,Female,73.3971,2.5476133409999995,0.03471,1
351,Female,73.4379,2.549763888,0.03472,1
352,Female,73.4787,2.551180464,0.03472,1
353,Female,73.5195,2.5533322349999996,0.03473,1
354,Female,73.5602,2.5547457459999996,0.03473,1
355,Female,73.6008,2.556891792,0.03474,1
356,Female,73.6414,2.5583022360000003,0.03474,1
357,Female,73.682,2.5604495000000003,0.03475,1
358,Female,73.7225,2.561856875,0.03475,1
359,Female,73.763,2.56400188,0.03476,1
360,Female,73.8034,2.565406184,0.03476,1
361,Female,73.8438,2.567548926,0.03477,1
362,Female,73.8842,2.5689536340000005,0.03477,1
363,Female,73.9245,2.5710941099999998,0.03478,1
364,Female,73.9647,2.572492266,0.03478,1
365,Female,74.0049,2.5746304710000003,0.03479,1
366,Female,74.0451,2.5760290290000003,0.03479,1
367,Female,74.0852,2.5781649599999996,0.0348,1
368,Female,74.1253,2.57956044,0.0348,1
369,Female,74.1653,2.5816940930000003,0.03481,1
370,Female,74.2053,2.5838285459999994,0.03482,1
371,Female,74.2452,2.5852178639999996,0.03482,1
372,Female,74.2851,2.587350033,0.03483,1
373,Female,74.325,2.5887397500000002,0.03483,1
374,Female,74.3648,2.5908696320000004,0.03484,1
375,Female,74.4045,2.5922527800000004,0.03484,1
376,Female,74.4443,2.594383855,0.03485,1
377,Female,74.4839,2.595763915,0.03485,1
378,Female,74.5236,2.597892696,0.03486,1
379,Female,74.5632,2.599273152,0.03486,1
380,Female,74.6027,2.6013961489999997,0.03487,1
381,Female,74.6422,2.603519936,0.03488,1
382,Female,74.6817,2.6048976960000005,0.03488,1
383,Female,74.7211,2.607019179,0.03489,1
384,Female,74.7605,2.6083938449999997,0.03489,1
385,Female,74.7998,2.6105130200000004,0.0349,1
386,Female,74.8391,2.6118845900000003,0.0349,1
387,Female,74.8784,2.6140049439999995,0.03491,1
388,Female,74.9176,2.6153734159999993,0.03491,1
389,Female,74.9567,2.617487964,0.03492,1
390,Female,74.9959,2.6196067870000004,0.03493,1
391,Female,75.0349,2.620969057,0.03493,1
392,Female,75.074,2.62308556,0.03494,1
393,Female,75.113,2.62444822,0.03494,1
394,Female,75.1519,2.626558905,0.03495,1
395,Female,75.1908,2.62791846,0.03495,1
396,Female,75.2297,2.6300303119999997,0.03496,1
397,Female,75.2686,2.632142942,0.03497,1
398,Female,75.3073,2.633496281,0.03497,1
399,Female,75.3461,2.635606578,0.03498,1
400,Female,75.3848,2.6369603039999996,0.03498,1
401,Female,75.4235,2.639068265,0.03499,1
402,Female,75.4621,2.6411735000000003,0.035,1
403,Female,75.5007,2.6425245,0.035,1
404,Female,75.5392,2.644627392,0.03501,1
405,Female,75.5777,2.645975277,0.03501,1
406,Female,75.6162,2.6480793240000002,0.03502,1
407,Female,75.6546,2.650180638,0.03503,1
408,Female,75.693,2.65152579,0.03503,1
409,Female,75.7313,2.6536247520000003,0.03504,1
410,Female,75.7696,2.654966784,0.03504,1
411,Female,75.8079,2.657066895,0.03505,1
412,Female,75.8461,2.6591642660000003,0.03506,1
413,Female,75.8843,2.660503558,0.03506,1
414,Female,75.9224,2.6625985679999995,0.03507,1
415,Female,75.9605,2.6639347349999998,0.03507,1
416,Female,75.9986,2.666030888,0.03508,1
417,Female,76.0366,2.6681242940000005,0.03509,1
418,Female,76.0746,2.6694577140000004,0.03509,1
419,Female,76.1125,2.67154875,0.0351,1
420,Female,76.1504,2.6736405440000004,0.03511,1
421,Female,76.1883,2.674971213,0.03511,1
422,Female,76.2261,2.677060632,0.03512,1
423,Female,76.2639,2.678388168,0.03512,1
424,Female,76.3016,2.680475208,0.03513,1
425,Female,76.3393,2.6825630019999998,0.03514,1
426,Female,76.377,2.6838877799999996,0.03514,1
427,Female,76.4146,2.68597319,0.03515,1
428,Female,76.4522,2.688059352,0.03516,1
429,Female,76.4897,2.689377852,0.03516,1
430,Female,76.5272,2.6914616239999996,0.03517,1
431,Female,76.5647,2.693546146,0.03518,1
432,Female,76.6021,2.6948618779999998,0.03518,1
433,Female,76.6395,2.6969440049999998,0.03519,1
434,Female,76.6769,2.698260111,0.03519,1
435,Female,76.7142,2.7003398400000003,0.0352,1
436,Female,76.7515,2.7024203149999995,0.03521,1
437,Female,76.7887,2.703730127,0.03521,1
438,Female,76.8259,2.705808198,0.03522,1
439,Female,76.8631,2.707887013,0.03523,1
440,Female,76.9002,2.709194046,0.03523,1
441,Female,76.9373,2.711270452,0.03524,1
442,Female,76.9744,2.7133475999999996,0.03525,1
443,Female,77.0114,2.7146518499999996,0.03525,1
444,Female,77.0484,2.716726584,0.03526,1
445,Female,77.0853,2.7187985310000005,0.03527,1
446,Female,77.1222,2.7200999940000004,0.03527,1
447,Female,77.1591,2.7221730479999997,0.03528,1
448,Female,77.1959,2.724243311,0.03529,1
449,Female,77.2327,2.725541983,0.03529,1
450,Female,77.2695,2.7276133499999995,0.0353,1
451,Female,77.3062,2.7289088599999998,0.0353,1
452,Female,77.3429,2.730977799,0.03531,1
453,Female,77.3796,2.7330474719999995,0.03532,1
454,Female,77.4162,2.734340184,0.03532,1
455,Female,77.4528,2.736407424,0.03533,1
456,Female,77.4893,2.7384718620000004,0.03534,1
457,Female,77.5258,2.7397617720000005,0.03534,1
458,Female,77.5623,2.7418273049999997,0.03535,1
459,Female,77.5988,2.7438935680000003,0.03536,1
460,Female,77.6352,2.745180672,0.03536,1
461,Female,77.6716,2.7472444919999996,0.03537,1
462,Female,77.7079,2.749305502,0.03538,1
463,Female,77.7442,2.7505897960000003,0.03538,1
464,Female,77.7805,2.752651895,0.03539,1
465,Female,77.8167,2.75471118,0.0354,1
466,Female,77.8529,2.7559926600000004,0.0354,1
467,Female,77.8891,2.7580530309999998,0.03541,1
468,Female,77.9252,2.760110584,0.03542,1
469,Female,77.9613,2.762168859,0.03543,1
470,Female,77.9974,2.7634478820000004,0.03543,1
471,Female,78.0334,2.765503696,0.03544,1
472,Female,78.0694,2.7675602300000004,0.03545,1
473,Female,78.1054,2.7688364300000003,0.03545,1
474,Female,78.1413,2.770890498,0.03546,1
475,Female,78.1772,2.772945284,0.03547,1
476,Female,78.2131,2.774218657,0.03547,1
477,Female,78.249,2.77627452,0.03548,1
478,Female,78.2848,2.7783275520000004,0.03549,1
479,Female,78.3205,2.7795945449999997,0.03549,1
480,Female,78.3563,2.7816486499999997,0.0355,1
481,Female,78.392,2.7836999199999997,0.03551,1
482,Female,78.4276,2.784964076,0.03551,1
483,Female,78.4633,2.787016416,0.03552,1
484,Female,78.4989,2.7890659170000003,0.03553,1
485,Female,78.5345,2.7903307849999996,0.03553,1
486,Female,78.57,2.7923778,0.03554,1
487,Female,78.6055,2.7944255250000003,0.03555,1
488,Female,78.641,2.79647396,0.03556,1
489,Female,78.6764,2.7977327840000004,0.03556,1
490,Female,78.7118,2.7997787259999996,0.03557,1
491,Female,78.7472,2.8018253760000005,0.03558,1
492,Female,78.7826,2.803084908,0.03558,1
493,Female,78.8179,2.8051290609999997,0.03559,1
494,Female,78.8532,2.80717392,0.0356,1
495,Female,78.8884,2.80842704,0.0356,1
496,Female,78.9236,2.810469396,0.03561,1
497,Female,78.9588,2.812512456,0.03562,1
498,Female,78.994,2.81376628,0.03562,1
499,Female,79.0291,2.8158068330000003,0.03563,1
500,Female,79.0642,2.817848088,0.03564,1
501,Female,79.0993,2.819890045,0.03565,1
502,Female,79.1343,2.821137795,0.03565,1
503,Female,79.1693,2.823177238,0.03566,1
504,Female,79.2042,2.825213814,0.03567,1
505,Female,79.2392,2.826462264,0.03567,1
506,Female,79.2741,2.8284998880000005,0.03568,1
507,Female,79.3089,2.830534641,0.03569,1
508,Female,79.3438,2.831780222,0.03569,1
509,Female,79.3786,2.8338160200000004,0.0357,1
510,Female,79.4134,2.835852514,0.03571,1
511,Female,79.4481,2.837886132,0.03572,1
512,Female,79.4828,2.839125616,0.03572,1
513,Female,79.5175,2.8411602749999996,0.03573,1
514,Female,79.5521,2.8431920539999997,0.03574,1
515,Female,79.5868,2.844432232,0.03574,1
516,Female,79.6213,2.846461475,0.03575,1
517,Female,79.6559,2.8484949840000002,0.03576,1
518,Female,79.6904,2.8505256080000003,0.03577,1
519,Female,79.7249,2.8517596730000006,0.03577,1
520,Female,79.7594,2.853791332,0.03578,1
521,Female,79.7938,2.8558201020000005,0.03579,1
522,Female,79.8282,2.857051278,0.03579,1
523,Female,79.8626,2.8590810799999997,0.0358,1
524,Female,79.8969,2.861107989,0.03581,1
525,Female,79.9312,2.863135584,0.03582,1
526,Female,79.9655,2.86436421,0.03582,1
527,Female,79.9998,2.866392834,0.03583,1
528,Female,80.034,2.86841856,0.03584,1
529,Female,80.0682,2.869644288,0.03584,1
530,Female,80.1023,2.871667455,0.03585,1
531,Female,80.1365,2.8736948900000003,0.03586,1
532,Female,80.1706,2.8757194219999995,0.03587,1
533,Female,80.2046,2.876939002,0.03587,1
534,Female,80.2387,2.878964556,0.03588,1
535,Female,80.2727,2.8809872029999997,0.03589,1
536,Female,80.3067,2.8822074630000003,0.03589,1
537,Female,80.3406,2.88422754,0.0359,1
538,Female,80.3745,2.8862482949999997,0.03591,1
539,Female,80.4084,2.888269728,0.03592,1
540,Female,80.4423,2.889487416,0.03592,1
541,Female,80.4761,2.8915062729999996,0.03593,1
542,Female,80.5099,2.893525806,0.03594,1
543,Female,80.5437,2.894740578,0.03594,1
544,Female,80.5774,2.89675753,0.03595,1
545,Female,80.6112,2.8987787519999997,0.03596,1
546,Female,80.6448,2.900793456,0.03597,1
547,Female,80.6785,2.902005645,0.03597,1
548,Female,80.7121,2.904021358,0.03598,1
549,Female,80.7457,2.906037743,0.03599,1
550,Female,80.7793,2.9080548,0.036,1
551,Female,80.8128,2.9092607999999998,0.036,1
552,Female,80.8464,2.9112788640000002,0.03601,1
553,Female,80.8798,2.9132903960000003,0.03602,1
554,Female,80.9133,2.9144970660000005,0.03602,1
555,Female,80.9467,2.916509601,0.03603,1
556,Female,80.9801,2.9185228039999997,0.03604,1
557,Female,81.0135,2.9205366749999997,0.03605,1
558,Female,81.0468,2.92173714,0.03605,1
559,Female,81.0802,2.9237520120000005,0.03606,1
560,Female,81.1134,2.925760338,0.03607,1
561,Female,81.1467,2.9277729359999998,0.03608,1
562,Female,81.1799,2.9289707920000003,0.03608,1
563,Female,81.2131,2.9309807789999995,0.03609,1
564,Female,81.2463,2.9329914300000004,0.0361,1
565,Female,81.2795,2.9350027450000002,0.03611,1
566,Female,81.3126,2.9361979860000003,0.03611,1
567,Female,81.3457,2.938206684,0.03612,1
568,Female,81.3788,2.940216044,0.03613,1
569,Female,81.4118,2.941408334,0.03613,1
570,Female,81.4448,2.943415072,0.03614,1
571,Female,81.4778,2.94542247,0.03615,1
572,Female,81.5108,2.947430528,0.03616,1
573,Female,81.5437,2.948620192,0.03616,1
574,Female,81.5766,2.950625622,0.03617,1
575,Female,81.6095,2.9526317099999995,0.03618,1
576,Female,81.6423,2.9546348370000004,0.03619,1
577,Female,81.6752,2.9558254880000003,0.03619,1
578,Female,81.708,2.9578296,0.0362,1
579,Female,81.7407,2.9598307470000003,0.03621,1
580,Female,81.7735,2.96183617,0.03622,1
581,Female,81.8062,2.9630205640000002,0.03622,1
582,Female,81.8389,2.965023347,0.03623,1
583,Female,81.8715,2.96702316,0.03624,1
584,Female,81.9042,2.968208208,0.03624,1
585,Female,81.9368,2.970209,0.03625,1
586,Female,81.9694,2.972210444,0.03626,1
587,Female,82.0019,2.974208913,0.03627,1
588,Female,82.0345,2.9753913149999995,0.03627,1
589,Female,82.067,2.9773907599999996,0.03628,1
590,Female,82.0994,2.9793872260000005,0.03629,1
591,Female,82.1319,2.98138797,0.0363,1
592,Female,82.1643,2.98256409,0.0363,1
593,Female,82.1967,2.9845621770000004,0.03631,1
594,Female,82.2291,2.986560912,0.03632,1
595,Female,82.2614,2.9885566619999997,0.03633,1
596,Female,82.2938,2.9897337540000004,0.03633,1
597,Female,82.3261,2.9917304739999997,0.03634,1
598,Female,82.3583,2.993724205,0.03635,1
599,Female,82.3906,2.9957222160000003,0.03636,1
600,Female,82.4228,2.9968930080000002,0.03636,1
601,Female,82.455,2.99888835,0.03637,1
602,Female,82.4872,3.0008843360000004,0.03638,1
603,Female,82.5193,3.0028773269999998,0.03639,1
604,Female,82.5514,3.004045446,0.03639,1
605,Female,82.5835,3.0060394,0.0364,1
606,Female,82.6156,3.008033996,0.03641,1
607,Female,82.6476,3.010025592,0.03642,1
608,Female,82.6796,3.0111910319999997,0.03642,1
609,Female,82.7116,3.013183588,0.03643,1
610,Female,82.7436,3.015176784,0.03644,1
611,Female,82.7755,3.017166975,0.03645,1
612,Female,82.8074,3.0183297300000005,0.03645,1
613,Female,82.8393,3.0203208779999997,0.03646,1
614,Female,82.8712,3.022312664,0.03647,1
615,Female,82.903,3.02430144,0.03648,1
616,Female,82.9348,3.025461504,0.03648,1
617,Female,82.9666,3.027451234,0.03649,1
618,Female,82.9984,3.0294415999999997,0.0365,1
619,Female,83.0301,3.03059865,0.0365,1
620,Female,83.0618,3.0325863180000003,0.03651,1
621,Female,83.0935,3.03457462,0.03652,1
622,Female,83.1251,3.036559903,0.03653,1
623,Female,83.1568,3.037717904,0.03653,1
624,Female,83.1884,3.039704136,0.03654,1
625,Female,83.22,3.0416909999999997,0.03655,1
626,Female,83.2515,3.04367484,0.03656,1
627,Female,83.2831,3.0448301360000003,0.03656,1
628,Female,83.3146,3.046814922,0.03657,1
629,Female,83.3461,3.0488003380000004,0.03658,1
630,Female,83.3775,3.050782725,0.03659,1
631,Female,83.4089,3.051931651,0.03659,1
632,Female,83.4403,3.0539149799999996,0.0366,1
633,Female,83.4717,3.055898937,0.03661,1
634,Female,83.5031,3.057883522,0.03662,1
635,Female,83.5344,3.059029728,0.03662,1
636,Female,83.5657,3.0610115910000006,0.03663,1
637,Female,83.597,3.0629940799999997,0.03664,1
638,Female,83.6283,3.064977195,0.03665,1
639,Female,83.6595,3.066120675,0.03665,1
640,Female,83.6907,3.068101062,0.03666,1
641,Female,83.7219,3.0700820730000005,0.03667,1
642,Female,83.753,3.0720600399999998,0.03668,1
643,Female,83.7842,3.0732044559999996,0.03668,1
644,Female,83.8153,3.075183357,0.03669,1
645,Female,83.8464,3.0771628800000004,0.0367,1
646,Female,83.8774,3.0791393539999996,0.03671,1
647,Female,83.9085,3.080281035,0.03671,1
648,Female,83.9395,3.08225844,0.03672,1
649,Female,83.9705,3.084236465,0.03673,1
650,Female,84.0014,3.086211436,0.03674,1
651,Female,84.0324,3.087350376,0.03674,1
652,Female,84.0633,3.089326275,0.03675,1
653,Female,84.0941,3.091299116,0.03676,1
654,Female,84.125,3.0932762499999997,0.03677,1
655,Female,84.1558,3.094408766,0.03677,1
656,Female,84.1867,3.0963868260000003,0.03678,1
657,Female,84.2174,3.0983581460000003,0.03679,1
658,Female,84.2482,3.10033376,0.0368,1
659,Female,84.2789,3.10146352,0.0368,1
660,Female,84.3096,3.1034363760000003,0.03681,1
661,Female,84.3403,3.1054098459999997,0.03682,1
662,Female,84.371,3.10738393,0.03683,1
663,Female,84.4016,3.1085109280000003,0.03683,1
664,Female,84.4323,3.1104859319999996,0.03684,1
665,Female,84.4628,3.1124541800000003,0.03685,1
666,Female,84.4934,3.1144267239999994,0.03686,1
667,Female,84.5239,3.1155509539999997,0.03686,1
668,Female,84.5545,3.117524415,0.03687,1
669,Female,84.585,3.1194948,0.03688,1
670,Female,84.6154,3.1214621059999996,0.03689,1
671,Female,84.6459,3.1225872509999997,0.03689,1
672,Female,84.6763,3.1245554700000002,0.0369,1
673,Female,84.7067,3.1265242969999996,0.03691,1
674,Female,84.737,3.12849004,0.03692,1
675,Female,84.7674,3.129612408,0.03692,1
676,Female,84.7977,3.131579061,0.03693,1
677,Female,84.828,3.13354632,0.03694,1
678,Female,84.8583,3.135514185,0.03695,1
679,Female,84.8885,3.1366300749999994,0.03695,1
680,Female,84.9188,3.138598848,0.03696,1
681,Female,84.949,3.1405645300000002,0.03697,1
682,Female,84.9791,3.142527118,0.03698,1
683,Female,85.0093,3.1436439139999997,0.03698,1
684,Female,85.0394,3.1456074060000003,0.03699,1
685,Female,85.0695,3.1475715,0.037,1
686,Female,85.0996,3.149536196,0.03701,1
687,Female,85.1297,3.150650197,0.03701,1
688,Female,85.1597,3.1526120939999998,0.03702,1
689,Female,85.1897,3.1545745910000003,0.03703,1
690,Female,85.2197,3.156537688,0.03704,1
691,Female,85.2497,3.1576488879999998,0.03704,1
692,Female,85.2796,3.15960918,0.03705,1
693,Female,85.3096,3.1615737760000004,0.03706,1
694,Female,85.3395,3.16268187,0.03706,1
695,Female,85.3693,3.164639951,0.03707,1
696,Female,85.3992,3.166602336,0.03708,1
697,Female,85.429,3.16856161,0.03709,1
698,Female,85.4588,3.1696668919999995,0.03709,1
699,Female,85.4886,3.1716270600000005,0.0371,1
700,Female,85.5184,3.1735878239999997,0.03711,1
701,Female,85.5481,3.175545472,0.03712,1
702,Female,85.5778,3.1766479359999997,0.03712,1
703,Female,85.6075,3.1786064750000005,0.03713,1
704,Female,85.637200000000007,3.180565608,0.03714,1
705,Female,85.6668,3.18252162,0.03715,1
706,Female,85.6964,3.1836212600000002,0.03715,1
707,Female,85.726,3.18557816,0.03716,1
708,Female,85.7556,3.187535652,0.03717,1
709,Female,85.7852,3.1894937359999997,0.03718,1
710,Female,85.8147,3.1905905459999997,0.03718,1
711,Female,85.8442,3.1925457980000003,0.03719,1
712,Female,85.8737,3.19450164,0.0372,1
713,Female,85.9032,3.196458072,0.03721,1
714,Female,85.9326,3.1975520459999998,0.03721,1
715,Female,85.9621,3.1995093620000006,0.03722,1
716,Female,85.9915,3.201463545,0.03723,1
717,Female,86.0208,3.203414592,0.03724,1
718,Female,86.0502,3.2045094480000005,0.03724,1
719,Female,86.0795,3.2064613749999995,0.03725,1
720,Female,86.1089,3.2084176140000005,0.03726,1
721,Female,86.1381,3.2103669869999996,0.03727,1
722,Female,86.1674,3.211458998,0.03727,1
723,Female,86.1967,3.2134129760000003,0.03728,1
724,Female,86.2259,3.2153638109999996,0.03729,1
725,Female,86.2551,3.2164526789999996,0.03729,1
726,Female,86.2843,3.21840439,0.0373,1
727,Female,86.3134,3.2203529540000004,0.03731,1
728,Female,86.3426,3.222305832,0.03732,1
729,Female,86.3717,3.223391844,0.03732,1
730,Female,86.4008,3.2253418640000002,0.03733,1
731,Female,85.7299,3.226873436,0.03764,1
732,Female,85.7589,3.228822585,0.03765,1
733,Female,85.788,3.2307760799999996,0.03766,1
734,Female,85.817,3.23272639,0.03767,1
735,Female,85.846,3.23381882,0.03767,1
736,Female,85.8749,3.2357662319999996,0.03768,1
737,Female,85.9039,3.237717991,0.03769,1
738,Female,85.9328,3.23966656,0.0377,1
739,Female,85.9617,3.2407560899999996,0.0377,1
740,Female,85.9906,3.242705526,0.03771,1
741,Female,86.0194,3.2446517679999998,0.03772,1
742,Female,86.0483,3.2457418759999994,0.03772,1
743,Female,86.0771,3.247688983,0.03773,1
744,Female,86.1059,3.2496366660000002,0.03774,1
745,Female,86.1347,3.2515849249999995,0.03775,1
746,Female,86.1634,3.2526683499999995,0.03775,1
747,Female,86.1921,3.254613696,0.03776,1
748,Female,86.2209,3.256563393,0.03777,1
749,Female,86.2495,3.25850611,0.03778,1
750,Female,86.2782,3.259590396,0.03778,1
751,Female,86.3069,3.2615377509999997,0.03779,1
752,Female,86.3355,3.2634819,0.0378,1
753,Female,86.3641,3.2645629799999996,0.0378,1
754,Female,86.3927,3.2665079870000007,0.03781,1
755,Female,86.4212,3.268449784,0.03782,1
756,Female,86.4498,3.270395934,0.03783,1
757,Female,86.4783,3.2714740890000003,0.03783,1
758,Female,86.5068,3.273417312,0.03784,1
759,Female,86.5353,3.2753611050000004,0.03785,1
760,Female,86.5638,3.2773054679999998,0.03786,1
761,Female,86.5922,3.278380692,0.03786,1
762,Female,86.6206,3.280322122,0.03787,1
763,Female,86.649,3.28226412,0.03788,1
764,Female,86.6774,3.2833399119999997,0.03788,1
765,Female,86.7057,3.2852789729999996,0.03789,1
766,Female,86.7341,3.28722239,0.0379,1
767,Female,86.7624,3.289162584,0.03791,1
768,Female,86.7907,3.2902354369999998,0.03791,1
769,Female,86.819,3.29217648,0.03792,1
770,Female,86.8472,3.294114296,0.03793,1
771,Female,86.8754,3.296052676,0.03794,1
772,Female,86.9037,3.297126378,0.03794,1
773,Female,86.9319,3.2990656049999996,0.03795,1
774,Female,86.96,3.3010015999999998,0.03796,1
775,Female,86.9882,3.302072072,0.03796,1
776,Female,87.0163,3.304008911,0.03797,1
777,Female,87.0444,3.3059463119999997,0.03798,1
778,Female,87.0725,3.3078842750000006,0.03799,1
779,Female,87.1006,3.3089517940000004,0.03799,1
780,Female,87.1286,3.3108868,0.038,1
781,Female,87.1567,3.3128261670000003,0.03801,1
782,Female,87.1847,3.3138904470000003,0.03801,1
783,Female,87.2126,3.315823052,0.03802,1
784,Female,87.2406,3.317760018,0.03803,1
785,Female,87.2686,3.319697544,0.03804,1
786,Female,87.2965,3.3207588599999998,0.03804,1
787,Female,87.3244,3.32269342,0.03805,1
788,Female,87.3523,3.324628538,0.03806,1
789,Female,87.3801,3.3256866059999997,0.03806,1
790,Female,87.408,3.32762256,0.03807,1
791,Female,87.4358,3.329555264,0.03808,1
792,Female,87.4636,3.331488524,0.03809,1
793,Female,87.4914,3.3325474259999996,0.03809,1
794,Female,87.5192,3.33448152,0.0381,1
795,Female,87.5469,3.3364123589999997,0.03811,1
796,Female,87.5746,3.338343752,0.03812,1
797,Female,87.6023,3.339399676,0.03812,1
798,Female,87.63,3.3413318999999997,0.03813,1
799,Female,87.6577,3.343264678,0.03814,1
800,Female,87.6853,3.344317342,0.03814,1
801,Female,87.7129,3.3462471350000005,0.03815,1
802,Female,87.7405,3.34817748,0.03816,1
803,Female,87.7681,3.350108377,0.03817,1
804,Female,87.7956,3.351158052,0.03817,1
805,Female,87.8232,3.353089776,0.03818,1
806,Female,87.8507,3.3550182330000005,0.03819,1
807,Female,87.8782,3.356068458,0.03819,1
808,Female,87.9056,3.35799392,0.0382,1
809,Female,87.9331,3.3599237509999997,0.03821,1
810,Female,87.9605,3.3609707049999997,0.03821,1
811,Female,87.9879,3.3628975379999995,0.03822,1
812,Female,88.0153,3.3648249189999997,0.03823,1
813,Female,88.0427,3.366752848,0.03824,1
814,Female,88.07,3.3677968,0.03824,1
815,Female,88.0974,3.3697255499999996,0.03825,1
816,Female,88.1247,3.3716510220000004,0.03826,1
817,Female,88.1519,3.3726916940000002,0.03826,1
818,Female,88.1792,3.3746179839999995,0.03827,1
819,Female,88.2065,3.3765448200000003,0.03828,1
820,Female,88.2337,3.3784683729999996,0.03829,1
821,Female,88.2609,3.379509861,0.03829,1
822,Female,88.2881,3.38143423,0.0383,1
823,Female,88.3152,3.383355312,0.03831,1
824,Female,88.3423,3.3843935129999996,0.03831,1
825,Female,88.3695,3.38631924,0.03832,1
826,Female,88.3966,3.3882416780000004,0.03833,1
827,Female,88.4236,3.3901608239999996,0.03834,1
828,Female,88.4507,3.391199838,0.03834,1
829,Female,88.4777,3.393119795,0.03835,1
830,Female,88.5047,3.395040292,0.03836,1
831,Female,88.5317,3.396076012,0.03836,1
832,Female,88.5587,3.3979973190000003,0.03837,1
833,Female,88.5856,3.3999153279999996,0.03838,1
834,Female,88.6126,3.400951588,0.03838,1
835,Female,88.6395,3.402870405,0.03839,1
836,Female,88.6664,3.4047897599999994,0.0384,1
837,Female,88.6932,3.4067058120000002,0.03841,1
838,Female,88.7201,3.407739041,0.03841,1
839,Female,88.7469,3.409655898,0.03842,1
840,Female,88.7737,3.4115732910000003,0.03843,1
841,Female,88.8005,3.412603215,0.03843,1
842,Female,88.8273,3.414521412,0.03844,1
843,Female,88.854,3.4164363,0.03845,1
844,Female,88.8807,3.417462915,0.03845,1
845,Female,88.9074,3.419378604,0.03846,1
846,Female,88.9341,3.4212948269999996,0.03847,1
847,Female,88.9608,3.423211584,0.03848,1
848,Female,88.9874,3.4242351519999996,0.03848,1
849,Female,89.014,3.42614886,0.03849,1
850,Female,89.0406,3.4280630999999997,0.0385,1
851,Female,89.0672,3.4290872,0.0385,1
852,Female,89.0938,3.4310022380000005,0.03851,1
853,Female,89.1203,3.4329139559999997,0.03852,1
854,Female,89.1468,3.433934736,0.03852,1
855,Female,89.1733,3.435847249,0.03853,1
856,Female,89.1998,3.4377602919999997,0.03854,1
857,Female,89.2263,3.439673865,0.03855,1
858,Female,89.2527,3.440691585,0.03855,1
859,Female,89.2791,3.442602096,0.03856,1
860,Female,89.3055,3.444513135,0.03857,1
861,Female,89.3319,3.445531383,0.03857,1
862,Female,89.3583,3.447443214,0.03858,1
863,Female,89.3846,3.449351714,0.03859,1
864,Female,89.4109,3.450366631,0.03859,1
865,Female,89.4372,3.4522759200000004,0.0386,1
866,Female,89.4635,3.454185735,0.03861,1
867,Female,89.4898,3.455201178,0.03861,1
868,Female,89.516,3.4571079200000003,0.03862,1
869,Female,89.5422,3.4590151859999994,0.03863,1
870,Female,89.5684,3.460922976,0.03864,1
871,Female,89.5946,3.461935344,0.03864,1
872,Female,89.6208,3.46384392,0.03865,1
873,Female,89.6469,3.465749154,0.03866,1
874,Female,89.673,3.4667581800000002,0.03866,1
875,Female,89.6991,3.4686641970000003,0.03867,1
876,Female,89.7252,3.470570736,0.03868,1
877,Female,89.7513,3.471580284,0.03868,1
878,Female,89.7773,3.473483737,0.03869,1
879,Female,89.8033,3.4753877099999997,0.0387,1
880,Female,89.8293,3.47639391,0.0387,1
881,Female,89.8553,3.478298663,0.03871,1
882,Female,89.8813,3.4802039359999997,0.03872,1
883,Female,89.9072,3.481206784,0.03872,1
884,Female,89.9331,3.483108963,0.03873,1
885,Female,89.9591,3.485015534,0.03874,1
886,Female,89.9849,3.4860150259999996,0.03874,1
887,Female,90.0108,3.4879185,0.03875,1
888,Female,90.0366,3.4898186160000004,0.03876,1
889,Female,90.0625,3.491723125,0.03877,1
890,Female,90.0883,3.492723391,0.03877,1
891,Female,90.1141,3.494624798,0.03878,1
892,Female,90.1398,3.4965228419999996,0.03879,1
893,Female,90.1656,3.497523624,0.03879,1
894,Female,90.1913,3.49942244,0.0388,1
895,Female,90.217,3.5013217699999997,0.03881,1
896,Female,90.2427,3.502319187,0.03881,1
897,Female,90.2684,3.504219288,0.03882,1
898,Female,90.294,3.5061160200000003,0.03883,1
899,Female,90.3197,3.507113951,0.03883,1
0,Male,49.8842,1.8931053899999999,0.03795,1
1,Male,50.0601,1.894774785,0.03785,1
2,Male,50.2359,1.896405225,0.03775,1
3,Male,50.4118,1.8975001519999999,0.03764,1
4,Male,50.5876,1.8990585039999999,0.03754,1
5,Male,50.7635,1.9005854400000002,0.03744,1
6,Male,50.9393,1.902073462,0.03734,1
7,Male,51.1152,1.903018896,0.03723,1
8,Male,51.291,1.90443483,0.03713,1
9,Male,51.4669,1.905819307,0.03703,1
10,Male,51.6427,1.9071649109999997,0.03693,1
11,Male,51.818600000000004,1.907960852,0.03682,1
12,Male,51.9944,1.9092343680000001,0.03672,1
13,Male,52.1702,1.9104727240000001,0.03662,1
14,Male,52.3461,1.911679572,0.03652,1
15,Male,52.4978,1.91354481,0.03645,1
16,Male,52.6488,1.915889832,0.03639,1
17,Male,52.799,1.91818767,0.03633,1
18,Male,52.9483,1.9204348409999998,0.03627,1
19,Male,53.0967,1.922631507,0.03621,1
20,Male,53.2441,1.9247742150000002,0.03615,1
21,Male,53.3905,1.926863145,0.03609,1
22,Male,53.536,1.92890208,0.03603,1
23,Male,53.6805,1.9308875850000002,0.03597,1
24,Male,53.8239,1.9333544880000002,0.03592,1
25,Male,53.9664,1.9352351040000002,0.03586,1
26,Male,54.1079,1.9376038990000002,0.03581,1
27,Male,54.2485,1.9393838749999999,0.03575,1
28,Male,54.3881,1.9416551700000002,0.0357,1
29,Male,54.5268,1.9438804200000002,0.03565,1
30,Male,54.6645,1.9455095549999997,0.03559,1
31,Male,54.8012,1.9476346480000002,0.03554,1
32,Male,54.9368,1.949707032,0.03549,1
33,Male,55.0714,1.9517304159999997,0.03544,1
34,Male,55.2049,1.953701411,0.03539,1
35,Male,55.3374,1.9556237160000003,0.03534,1
36,Male,55.4688,1.957493952,0.03529,1
37,Male,55.5992,1.9593158080000002,0.03524,1
38,Male,55.7285,1.9616432,0.0352,1
39,Male,55.8568,1.9633665200000001,0.03515,1
40,Male,55.9841,1.9650419099999998,0.0351,1
41,Male,56.1104,1.967230624,0.03506,1
42,Male,56.2357,1.968811857,0.03501,1
43,Male,56.3599,1.970342104,0.03496,1
44,Male,56.4833,1.972396836,0.03492,1
45,Male,56.6056,1.9744033280000002,0.03488,1
46,Male,56.7269,1.9757979270000001,0.03483,1
47,Male,56.8472,1.9777140880000001,0.03479,1
48,Male,56.9666,1.9795893500000001,0.03475,1
49,Male,57.0851,1.98085297,0.0347,1
50,Male,57.2026,1.982642116,0.03466,1
51,Male,57.3192,1.984390704,0.03462,1
52,Male,57.4349,1.9860988419999999,0.03458,1
53,Male,57.5497,1.987766638,0.03454,1
54,Male,57.6637,1.9893976500000001,0.0345,1
55,Male,57.7767,1.990985082,0.03446,1
56,Male,57.8889,1.9925359379999998,0.03442,1
57,Male,58.0003,1.994050314,0.03438,1
58,Male,58.1109,1.9955283060000002,0.03434,1
59,Male,58.2207,1.997552217,0.03431,1
60,Male,58.3299,1.9989656730000003,0.03427,1
61,Male,58.4384,2.0003464319999997,0.03423,1
62,Male,58.5463,2.00228346,0.0342,1
63,Male,58.6536,2.003606976,0.03416,1
64,Male,58.7603,2.004901436,0.03412,1
65,Male,58.8664,2.006755576,0.03409,1
66,Male,58.9718,2.00798979,0.03405,1
67,Male,59.0766,2.009785932,0.03402,1
68,Male,59.1808,2.010963584,0.03398,1
69,Male,59.2843,2.012701985,0.03395,1
70,Male,59.3872,2.014413824,0.03392,1
71,Male,59.4894,2.015500872,0.03388,1
72,Male,59.591,2.01715535,0.03385,1
73,Male,59.692,2.01878344,0.03382,1
74,Male,59.7923,2.020381817,0.03379,1
75,Male,59.892,2.0213550000000002,0.03375,1
76,Male,59.991,2.02289652,0.03372,1
77,Male,60.0894,2.0244118859999998,0.03369,1
78,Male,60.1872,2.025901152,0.03366,1
79,Male,60.2843,2.0273610090000003,0.03363,1
80,Male,60.3808,2.02879488,0.0336,1
81,Male,60.4767,2.0302028190000003,0.03357,1
82,Male,60.5719,2.031581526,0.03354,1
83,Male,60.6665,2.0329344149999997,0.03351,1
84,Male,60.7605,2.03426154,0.03348,1
85,Male,60.8539,2.035562955,0.03345,1
86,Male,60.9466,2.0368353719999996,0.03342,1
87,Male,61.0388,2.03869592,0.0334,1
88,Male,61.1303,2.0399181109999995,0.03337,1
89,Male,61.2212,2.041114808,0.03334,1
90,Male,61.3115,2.042286065,0.03331,1
91,Male,61.4013,2.044049277,0.03329,1
92,Male,61.4904,2.045170704,0.03326,1
93,Male,61.579,2.04627017,0.03323,1
94,Male,61.667,2.0479610700000004,0.03321,1
95,Male,61.7543,2.0490076740000003,0.03318,1
96,Male,61.8411,2.050650876,0.03316,1
97,Male,61.9274,2.051654762,0.03313,1
98,Male,62.013,2.05325043,0.03311,1
99,Male,62.0981,2.054205148,0.03308,1
100,Male,62.1826,2.055756756,0.03306,1
101,Male,62.2665,2.056662495,0.03303,1
102,Male,62.3499,2.0581701989999996,0.03301,1
103,Male,62.4327,2.059030446,0.03298,1
104,Male,62.5149,2.060491104,0.03296,1
105,Male,62.5966,2.061932004,0.03294,1
106,Male,62.6778,2.062726398,0.03291,1
107,Male,62.7584,2.064123776,0.03289,1
108,Male,62.8384,2.065498208,0.03287,1
109,Male,62.918,2.06622712,0.03284,1
110,Male,62.9969,2.067558258,0.03282,1
111,Male,63.0754,2.06887312,0.0328,1
112,Male,63.1533,2.070165174,0.03278,1
113,Male,63.2307,2.0714377319999997,0.03276,1
114,Male,63.3076,2.072057748,0.03273,1
115,Male,63.3839,2.073287369,0.03271,1
116,Male,63.4598,2.074500862,0.03269,1
117,Male,63.5351,2.0756917169999998,0.03267,1
118,Male,63.6099,2.076863235,0.03265,1
119,Male,63.6842,2.0780154459999998,0.03263,1
120,Male,63.758,2.07914838,0.03261,1
121,Male,63.8313,2.080262067,0.03259,1
122,Male,63.9041,2.081356537,0.03257,1
123,Male,63.9765,2.0824350750000002,0.03255,1
124,Male,64.0483,2.083491199,0.03253,1
125,Male,64.1197,2.084531447,0.03251,1
126,Male,64.1906,2.085552594,0.03249,1
127,Male,64.261,2.08655467,0.03247,1
128,Male,64.331,2.08754095,0.03245,1
129,Male,64.4006,2.088511458,0.03243,1
130,Male,64.4697,2.089462977,0.03241,1
131,Male,64.5383,2.0903955370000005,0.03239,1
132,Male,64.6066,2.091961708,0.03238,1
133,Male,64.6744,2.0928635840000003,0.03236,1
134,Male,64.7418,2.093749812,0.03234,1
135,Male,64.8088,2.094620416,0.03232,1
136,Male,64.8755,2.0954786500000004,0.0323,1
137,Male,64.9417,2.0969674929999997,0.03229,1
138,Male,65.0075,2.097792025,0.03227,1
139,Male,65.073,2.0986042499999997,0.03225,1
140,Male,65.138,2.09939774,0.03223,1
141,Male,65.2027,2.100830994,0.03222,1
142,Male,65.2671,2.10160062,0.0322,1
143,Male,65.331,2.10235158,0.03218,1
144,Male,65.3946,2.1037442819999996,0.03217,1
145,Male,65.4579,2.104471485,0.03215,1
146,Male,65.5208,2.105838512,0.03214,1
147,Male,65.5834,2.1065388080000003,0.03212,1
148,Male,65.6456,2.1072237599999997,0.0321,1
149,Male,65.7075,2.108553675,0.03209,1
150,Male,65.769,2.1092118300000005,0.03207,1
151,Male,65.8303,2.1105194179999995,0.03206,1
152,Male,65.8912,2.111154048,0.03204,1
153,Male,65.9518,2.1124361540000005,0.03203,1
154,Male,66.0121,2.113047321,0.03201,1
155,Male,66.0721,2.1143072000000003,0.032,1
156,Male,66.1317,2.114891766,0.03198,1
157,Male,66.1911,2.116129467,0.03197,1
158,Male,66.2502,2.1173563920000005,0.03196,1
159,Male,66.3089,2.117906266,0.03194,1
160,Male,66.3674,2.1191110820000003,0.03193,1
161,Male,66.4256,2.119640896,0.03191,1
162,Male,66.4835,2.12082365,0.0319,1
163,Male,66.5412,2.1219988680000004,0.03189,1
164,Male,66.5985,2.1224941950000002,0.03187,1
165,Male,66.6556,2.1236474160000003,0.03186,1
166,Male,66.7125,2.1247931250000005,0.03185,1
167,Male,66.7691,2.1252604529999997,0.03183,1
168,Male,66.8254,2.126384228,0.03182,1
169,Male,66.8815,2.127500515,0.03181,1
170,Male,66.9373,2.12860614,0.0318,1
171,Male,66.993,2.1297074699999996,0.03179,1
172,Male,67.0483,2.130124491,0.03177,1
173,Male,67.1035,2.1312071599999998,0.03176,1
174,Male,67.1584,2.1322792,0.03175,1
175,Male,67.2132,2.1333469679999997,0.03174,1
176,Male,67.2677,2.134404121,0.03173,1
177,Male,67.3219,2.134777449,0.03171,1
178,Male,67.376,2.1358192000000003,0.0317,1
179,Male,67.4299,2.1368535310000003,0.03169,1
180,Male,67.4836,2.1378804479999998,0.03168,1
181,Male,67.5371,2.1388999569999996,0.03167,1
182,Male,67.5904,2.1399120640000002,0.03166,1
183,Male,67.6435,2.140916775,0.03165,1
184,Male,67.6964,2.141914096,0.03164,1
185,Male,67.7491,2.1429040329999998,0.03163,1
186,Male,67.8017,2.143889754,0.03162,1
187,Male,67.8541,2.144868101,0.03161,1
188,Male,67.9062,2.14583592,0.0316,1
189,Male,67.9583,2.146802697,0.03159,1
190,Male,68.0101,2.147758958,0.03158,1
191,Male,68.0618,2.1487110260000004,0.03157,1
192,Male,68.1133,2.149655748,0.03156,1
193,Male,68.1647,2.1505962849999998,0.03155,1
194,Male,68.2158,2.151526332,0.03154,1
195,Male,68.2669,2.1524553570000005,0.03153,1
196,Male,68.3177,2.153373904,0.03152,1
197,Male,68.3685,2.15497512,0.03152,1
198,Male,68.419,2.1558826900000003,0.03151,1
199,Male,68.4695,2.15678925,0.0315,1
200,Male,68.5198,2.157688502,0.03149,1
201,Male,68.5699,2.1585804520000003,0.03148,1
202,Male,68.6199,2.159468253,0.03147,1
203,Male,68.6698,2.1610386059999995,0.03147,1
204,Male,68.7195,2.16191547,0.03146,1
205,Male,68.7691,2.1627881949999996,0.03145,1
206,Male,68.8186,2.1636567840000005,0.03144,1
207,Male,68.8679,2.1652067760000002,0.03144,1
208,Male,68.9171,2.166064453,0.03143,1
209,Male,68.9662,2.166918004,0.03142,1
210,Male,69.0152,2.1677674319999998,0.03141,1
211,Male,69.0641,2.1693033809999998,0.03141,1
212,Male,69.1128,2.1701419199999994,0.0314,1
213,Male,69.1615,2.170979485,0.03139,1
214,Male,69.21,2.1725019,0.03139,1
215,Male,69.2584,2.173328592,0.03138,1
216,Male,69.3067,2.1741511790000003,0.03137,1
217,Male,69.3549,2.175663213,0.03137,1
218,Male,69.4031,2.1764812159999996,0.03136,1
219,Male,69.4511,2.177986496,0.03136,1
220,Male,69.499,2.1787936500000002,0.03135,1
221,Male,69.5468,2.179596712,0.03134,1
222,Male,69.5945,2.18109163,0.03134,1
223,Male,69.6421,2.1818869929999996,0.03133,1
224,Male,69.6896,2.1833751679999995,0.03133,1
225,Male,69.737,2.18416284,0.03132,1
226,Male,69.7844,2.1856474080000003,0.03132,1
227,Male,69.8316,2.1864273959999996,0.03131,1
228,Male,69.8787,2.187902097,0.03131,1
229,Male,69.9258,2.18867754,0.0313,1
230,Male,69.9728,2.1901486400000003,0.0313,1
231,Male,70.0197,2.190916413,0.03129,1
232,Male,70.0665,2.192380785,0.03129,1
233,Male,70.1132,2.1931408960000005,0.03128,1
234,Male,70.1599,2.194601672,0.03128,1
235,Male,70.2064,2.195354128,0.03127,1
236,Male,70.2529,2.196808183,0.03127,1
237,Male,70.2994,2.1975592440000002,0.03126,1
238,Male,70.3457,2.199006582,0.03126,1
239,Male,70.392,2.20045392,0.03126,1
240,Male,70.4382,2.20119375,0.03125,1
241,Male,70.4843,2.202634375,0.03125,1
242,Male,70.5304,2.204075,0.03125,1
243,Male,70.5764,2.204806736,0.03124,1
244,Male,70.6224,2.206243776,0.03124,1
245,Male,70.6683,2.206971009,0.03123,1
246,Male,70.7141,2.2084013430000002,0.03123,1
247,Male,70.7598,2.209828554,0.03123,1
248,Male,70.8055,2.2105477099999997,0.03122,1
249,Male,70.8511,2.211971342,0.03122,1
250,Male,70.8967,2.213394974,0.03122,1
251,Male,70.9422,2.2148154840000003,0.03122,1
252,Male,70.9876,2.2155229960000002,0.03121,1
253,Male,71.033,2.21693993,0.03121,1
254,Male,71.0783,2.218353743,0.03121,1
255,Male,71.1235,2.2197644350000005,0.03121,1
256,Male,71.1687,2.22046344,0.0312,1
257,Male,71.2138,2.22187056,0.0312,1
258,Male,71.2589,2.22327768,0.0312,1
259,Male,71.3039,2.2246816799999998,0.0312,1
260,Male,71.3488,2.225369072,0.03119,1
261,Male,71.3937,2.226769503,0.03119,1
262,Male,71.4385,2.2281668150000002,0.03119,1
263,Male,71.4832,2.2295610079999997,0.03119,1
264,Male,71.5279,2.230955201,0.03119,1
265,Male,71.5725,2.23163055,0.03118,1
266,Male,71.6171,2.2330211779999996,0.03118,1
267,Male,71.6616,2.2344086880000003,0.03118,1
268,Male,71.706,2.23579308,0.03118,1
269,Male,71.7504,2.237177472,0.03118,1
270,Male,71.7947,2.2385587460000003,0.03118,1
271,Male,71.839,2.2399400199999997,0.03118,1
272,Male,71.8832,2.241318176,0.03118,1
273,Male,71.9273,2.241973941,0.03117,1
274,Male,71.9714,2.2433485380000002,0.03117,1
275,Male,72.0154,2.2447200179999998,0.03117,1
276,Male,72.0594,2.2460914979999997,0.03117,1
277,Male,72.1033,2.2474598610000003,0.03117,1
278,Male,72.1472,2.248828224,0.03117,1
279,Male,72.1909,2.250190353,0.03117,1
280,Male,72.2347,2.251555599,0.03117,1
281,Male,72.2783,2.252914611,0.03117,1
282,Male,72.3219,2.254273623,0.03117,1
283,Male,72.3655,2.255632635,0.03117,1
284,Male,72.4089,2.256985413,0.03117,1
285,Male,72.4523,2.258338191,0.03117,1
286,Male,72.4957,2.2596909689999998,0.03117,1
287,Male,72.539,2.26104063,0.03117,1
288,Male,72.5822,2.262387174,0.03117,1
289,Male,72.6253,2.263730601,0.03117,1
290,Male,72.6684,2.2650740280000004,0.03117,1
291,Male,72.7115,2.266417455,0.03117,1
292,Male,72.7544,2.267754648,0.03117,1
293,Male,72.7974,2.2690949579999997,0.03117,1
294,Male,72.8402,2.2704290339999997,0.03117,1
295,Male,72.883,2.2717631099999998,0.03117,1
296,Male,72.9257,2.2730940690000003,0.03117,1
297,Male,72.9684,2.274425028,0.03117,1
298,Male,73.011,2.27575287,0.03117,1
299,Male,73.0535,2.27780813,0.03118,1
300,Male,73.096,2.27913328,0.03118,1
301,Male,73.1384,2.280455312,0.03118,1
302,Male,73.1808,2.281777344,0.03118,1
303,Male,73.2231,2.283096258,0.03118,1
304,Male,73.2653,2.2844120539999997,0.03118,1
305,Male,73.3075,2.2857278500000002,0.03118,1
306,Male,73.3497,2.287043646,0.03118,1
307,Male,73.3917,2.289087123,0.03119,1
308,Male,73.4337,2.290397103,0.03119,1
309,Male,73.4757,2.291707083,0.03119,1
310,Male,73.5176,2.293013944,0.03119,1
311,Male,73.5594,2.294317686,0.03119,1
312,Male,73.6012,2.295621428,0.03119,1
313,Male,73.6429,2.29765848,0.0312,1
314,Male,73.6845,2.2989564,0.0312,1
315,Male,73.7261,2.30025432,0.0312,1
316,Male,73.7677,2.30155224,0.0312,1
317,Male,73.8091,2.30284392,0.0312,1
318,Male,73.8506,2.3048772260000003,0.03121,1
319,Male,73.8919,2.306166199,0.03121,1
320,Male,73.9333,2.3074582930000003,0.03121,1
321,Male,73.9745,2.3087441450000004,0.03121,1
322,Male,74.0157,2.310770154,0.03122,1
323,Male,74.0569,2.312056418,0.03122,1
324,Male,74.0979,2.313336438,0.03122,1
325,Male,74.139,2.31461958,0.03122,1
326,Male,74.18,2.3166414000000004,0.03123,1
327,Male,74.2209,2.317918707,0.03123,1
328,Male,74.2618,2.319196014,0.03123,1
329,Male,74.3026,2.321213224,0.03124,1
330,Male,74.3433,2.322484692,0.03124,1
331,Male,74.3841,2.3237592840000003,0.03124,1
332,Male,74.4247,2.325027628,0.03124,1
333,Male,74.4653,2.327040625,0.03125,1
334,Male,74.5059,2.328309375,0.03125,1
335,Male,74.5464,2.329575,0.03125,1
336,Male,74.5868,2.331583368,0.03126,1
337,Male,74.6272,2.3328462720000003,0.03126,1
338,Male,74.6676,2.334109176,0.03126,1
339,Male,74.7079,2.3361160329999997,0.03127,1
340,Male,74.7481,2.3373730869999996,0.03127,1
341,Male,74.7883,2.3386301410000003,0.03127,1
342,Male,74.8285,2.3406354800000004,0.03128,1
343,Male,74.8686,2.3418898080000004,0.03128,1
344,Male,74.9086,2.3431410080000004,0.03128,1
345,Male,74.9486,2.345141694,0.03129,1
346,Male,74.9886,2.346393294,0.03129,1
347,Male,75.0285,2.3483920499999997,0.0313,1
348,Male,75.0683,2.34963779,0.0313,1
349,Male,75.1081,2.35088353,0.0313,1
350,Male,75.1479,2.352880749,0.03131,1
351,Male,75.1876,2.354123756,0.03131,1
352,Male,75.2273,2.356119036,0.03132,1
353,Male,75.2669,2.3573593080000004,0.03132,1
354,Male,75.3065,2.35859958,0.03132,1
355,Male,75.346,2.36059018,0.03133,1
356,Male,75.3855,2.3618277149999996,0.03133,1
357,Male,75.425,2.3638195,0.03134,1
358,Male,75.4644,2.365054296,0.03134,1
359,Male,75.5037,2.367040995,0.03135,1
360,Male,75.5431,2.368276185,0.03135,1
361,Male,75.5824,2.370264064,0.03136,1
362,Male,75.6216,2.371493376,0.03136,1
363,Male,75.6608,2.3727226879999996,0.03136,1
364,Male,75.6999,2.374705863,0.03137,1
365,Male,75.7391,2.375935567,0.03137,1
366,Male,75.7781,2.377916778,0.03138,1
367,Male,75.8172,2.379143736,0.03138,1
368,Male,75.8562,2.381126118,0.03139,1
369,Male,75.8951,2.382347189,0.03139,1
370,Male,75.934,2.3843275999999998,0.0314,1
371,Male,75.9729,2.3855490599999998,0.0314,1
372,Male,76.0117,2.387527497,0.03141,1
373,Male,76.0505,2.388746205,0.03141,1
374,Male,76.0892,2.390722664,0.03142,1
375,Male,76.1279,2.3919386179999997,0.03142,1
376,Male,76.1665,2.393913095,0.03143,1
377,Male,76.2051,2.395126293,0.03143,1
378,Male,76.2437,2.3971019280000005,0.03144,1
379,Male,76.2822,2.3983123680000005,0.03144,1
380,Male,76.3207,2.400286015,0.03145,1
381,Male,76.3591,2.402257286,0.03146,1
382,Male,76.3975,2.40346535,0.03146,1
383,Male,76.4358,2.405434626,0.03147,1
384,Male,76.4741,2.406639927,0.03147,1
385,Male,76.5124,2.408610352,0.03148,1
386,Male,76.5506,2.4098128880000003,0.03148,1
387,Male,76.5888,2.411781312,0.03149,1
388,Male,76.6269,2.412981081,0.03149,1
389,Male,76.665,2.4149475000000002,0.0315,1
390,Male,76.703,2.41691153,0.03151,1
391,Male,76.741,2.4181089100000004,0.03151,1
392,Male,76.779,2.42007408,0.03152,1
393,Male,76.8169,2.421268688,0.03152,1
394,Male,76.8548,2.423231844,0.03153,1
395,Male,76.8926,2.425192604,0.03154,1
396,Male,76.9304,2.426384816,0.03154,1
397,Male,76.9682,2.42834671,0.03155,1
398,Male,77.0059,2.429536145,0.03155,1
399,Male,77.0435,2.4314928599999996,0.03156,1
400,Male,77.0812,2.4334534839999997,0.03157,1
401,Male,77.1187,2.4346373590000003,0.03157,1
402,Male,77.1563,2.436595954,0.03158,1
403,Male,77.1938,2.438552142,0.03159,1
404,Male,77.2313,2.4397367670000003,0.03159,1
405,Male,77.2687,2.44169092,0.0316,1
406,Male,77.306,2.4428696000000003,0.0316,1
407,Male,77.3434,2.444824874,0.03161,1
408,Male,77.3807,2.4467777340000003,0.03162,1
409,Male,77.4179,2.4479539980000005,0.03162,1
410,Male,77.4551,2.449904813,0.03163,1
411,Male,77.4923,2.451856372,0.03164,1
412,Male,77.5295,2.45303338,0.03164,1
413,Male,77.5665,2.454979725,0.03165,1
414,Male,77.6036,2.456929976,0.03166,1
415,Male,77.6406,2.4581013960000004,0.03166,1
416,Male,77.6776,2.460049592,0.03167,1
417,Male,77.7145,2.46199536,0.03168,1
418,Male,77.7514,2.463164352,0.03168,1
419,Male,77.7883,2.4651112270000004,0.03169,1
420,Male,77.8251,2.46705567,0.0317,1
421,Male,77.8618,2.46821906,0.0317,1
422,Male,77.8986,2.4701646060000004,0.03171,1
423,Male,77.9353,2.472107716,0.03172,1
424,Male,77.9719,2.4732686680000002,0.03172,1
425,Male,78.0085,2.475209705,0.03173,1
426,Male,78.0451,2.477151474,0.03174,1
427,Male,78.0817,2.479093975,0.03175,1
428,Male,78.1182,2.4802528500000003,0.03175,1
429,Male,78.1546,2.4821900959999996,0.03176,1
430,Male,78.1911,2.484131247,0.03177,1
431,Male,78.2275,2.4852876750000004,0.03177,1
432,Male,78.2638,2.487223564,0.03178,1
433,Male,78.3001,2.4891601789999998,0.03179,1
434,Male,78.3364,2.4910975200000003,0.0318,1
435,Male,78.3727,2.49225186,0.0318,1
436,Male,78.4089,2.494187109,0.03181,1
437,Male,78.4451,2.496123082,0.03182,1
438,Male,78.4812,2.4980565959999996,0.03183,1
439,Male,78.5173,2.499205659,0.03183,1
440,Male,78.5534,2.501140256,0.03184,1
441,Male,78.5894,2.5030723900000003,0.03185,1
442,Male,78.6254,2.505005244,0.03186,1
443,Male,78.6614,2.506152204,0.03186,1
444,Male,78.6973,2.508082951,0.03187,1
445,Male,78.7332,2.5100144159999997,0.03188,1
446,Male,78.7691,2.511946599,0.03189,1
447,Male,78.8049,2.513088261,0.03189,1
448,Male,78.8407,2.5150183299999997,0.0319,1
449,Male,78.8764,2.5169459240000003,0.03191,1
450,Male,78.9122,2.518877424,0.03192,1
451,Male,78.9479,2.5200169679999997,0.03192,1
452,Male,78.9835,2.521943155,0.03193,1
453,Male,79.0191,2.523870054,0.03194,1
454,Male,79.0547,2.525797665,0.03195,1
455,Male,79.0903,2.5277259880000003,0.03196,1
456,Male,79.1258,2.5288605680000003,0.03196,1
457,Male,79.1613,2.530786761,0.03197,1
458,Male,79.1968,2.532713664,0.03198,1
459,Male,79.2322,2.534638078,0.03199,1
460,Male,79.2676,2.5365632000000002,0.032,1
461,Male,79.303,2.537696,0.032,1
462,Male,79.3383,2.539618983,0.03201,1
463,Male,79.3736,2.541542672,0.03202,1
464,Male,79.4089,2.5434670670000004,0.03203,1
465,Male,79.4441,2.5453889640000003,0.03204,1
466,Male,79.4793,2.546516772,0.03204,1
467,Male,79.5145,2.548439725,0.03205,1
468,Male,79.5496,2.550360176,0.03206,1
469,Male,79.5847,2.552281329,0.03207,1
470,Male,79.6198,2.554203184,0.03208,1
471,Male,79.6548,2.556122532,0.03209,1
472,Male,79.6898,2.557245682,0.03209,1
473,Male,79.7248,2.55916608,0.0321,1
474,Male,79.7598,2.5610871779999997,0.03211,1
475,Male,79.7947,2.5630057640000006,0.03212,1
476,Male,79.8296,2.564925048,0.03213,1
477,Male,79.8644,2.566841816,0.03214,1
478,Male,79.8993,2.567963502,0.03214,1
479,Male,79.9341,2.569881315,0.03215,1
480,Male,79.9688,2.571796608,0.03216,1
481,Male,80.0036,2.573715812,0.03217,1
482,Male,80.0383,2.575632494,0.03218,1
483,Male,80.0729,2.5775466510000005,0.03219,1
484,Male,80.1076,2.5794647200000003,0.0322,1
485,Male,80.1422,2.58057884,0.0322,1
486,Male,80.1768,2.5824947280000004,0.03221,1
487,Male,80.2113,2.584408086,0.03222,1
488,Male,80.2459,2.586325357,0.03223,1
489,Male,80.2804,2.588240096,0.03224,1
490,Male,80.3148,2.5901523,0.03225,1
491,Male,80.3493,2.5920684179999998,0.03226,1
492,Male,80.3837,2.593178162,0.03226,1
493,Male,80.4181,2.595092087,0.03227,1
494,Male,80.4524,2.5970034720000004,0.03228,1
495,Male,80.4867,2.598915543,0.03229,1
496,Male,80.521,2.6008283000000003,0.0323,1
497,Male,80.5553,2.602741743,0.03231,1
498,Male,80.5895,2.6046526400000003,0.03232,1
499,Male,80.6237,2.6065642209999997,0.03233,1
500,Male,80.6578,2.608473252,0.03234,1
501,Male,80.692,2.6095792799999997,0.03234,1
502,Male,80.7261,2.611489335,0.03235,1
503,Male,80.7602,2.613400072,0.03236,1
504,Male,80.7942,2.6153082540000003,0.03237,1
505,Male,80.8282,2.617217116,0.03238,1
506,Male,80.8622,2.6191266580000003,0.03239,1
507,Male,80.8961,2.62103364,0.0324,1
508,Male,80.9301,2.622944541,0.03241,1
509,Male,80.964,2.6248528799999997,0.03242,1
510,Male,80.9978,2.626758654,0.03243,1
511,Male,81.0317,2.6286683479999997,0.03244,1
512,Male,81.0655,2.630575475,0.03245,1
513,Male,81.0992,2.63166904,0.03245,1
514,Male,81.133,2.63357718,0.03246,1
515,Male,81.1667,2.635482749,0.03247,1
516,Male,81.2004,2.6373889920000004,0.03248,1
517,Male,81.234,2.6392926599999997,0.03249,1
518,Male,81.2677,2.6412002500000002,0.0325,1
519,Male,81.3013,2.643105263,0.03251,1
520,Male,81.3348,2.645007696,0.03252,1
521,Male,81.3684,2.646914052,0.03253,1
522,Male,81.4019,2.6488178259999997,0.03254,1
523,Male,81.4353,2.650719015,0.03255,1
524,Male,81.4688,2.652624128,0.03256,1
525,Male,81.5022,2.654526654,0.03257,1
526,Male,81.5356,2.6564298479999997,0.03258,1
527,Male,81.569,2.65833371,0.03259,1
528,Male,81.6023,2.66023498,0.0326,1
529,Male,81.6356,2.6621369159999997,0.03261,1
530,Male,81.6689,2.663222829,0.03261,1
531,Male,81.7021,2.6651225020000004,0.03262,1
532,Male,81.7353,2.667022839,0.03263,1
533,Male,81.7685,2.66892384,0.03264,1
534,Male,81.8017,2.670825505,0.03265,1
535,Male,81.8348,2.672724568,0.03266,1
536,Male,81.8679,2.674624293,0.03267,1
537,Male,81.9009,2.676521412,0.03268,1
538,Male,81.934,2.6784224599999997,0.03269,1
539,Male,81.967,2.6803209,0.0327,1
540,Male,82,2.68222,0.03271,1
541,Male,82.0329,2.684116488,0.03272,1
542,Male,82.0659,2.686016907,0.03273,1
543,Male,82.0987,2.6879114379999995,0.03274,1
544,Male,82.1316,2.6898099,0.03275,1
545,Male,82.1644,2.6917057439999996,0.03276,1
546,Male,82.1973,2.693605521,0.03277,1
547,Male,82.23,2.6954993999999997,0.03278,1
548,Male,82.2628,2.697397212,0.03279,1
549,Male,82.2955,2.6992924000000005,0.0328,1
550,Male,82.3282,2.7011882419999997,0.03281,1
551,Male,82.3609,2.7030847380000003,0.03282,1
552,Male,82.3935,2.704978605,0.03283,1
553,Male,82.4261,2.7068731240000004,0.03284,1
554,Male,82.4587,2.7087682949999996,0.03285,1
555,Male,82.4912,2.7106608320000003,0.03286,1
556,Male,82.5237,2.7125540190000006,0.03287,1
557,Male,82.5562,2.714447856,0.03288,1
558,Male,82.5887,2.7163423430000004,0.03289,1
559,Male,82.6211,2.71823419,0.0329,1
560,Male,82.6535,2.720126685,0.03291,1
561,Male,82.6859,2.722019828,0.03292,1
562,Male,82.7182,2.723910326,0.03293,1
563,Male,82.7505,2.72580147,0.03294,1
564,Male,82.7828,2.7276932599999997,0.03295,1
565,Male,82.8151,2.7295856960000004,0.03296,1
566,Male,82.8473,2.731475481,0.03297,1
567,Male,82.8795,2.73336591,0.03298,1
568,Male,82.9117,2.7352569829999998,0.03299,1
569,Male,82.9438,2.7371454,0.033,1
570,Male,82.9759,2.7390344589999995,0.03301,1
571,Male,83.008,2.74092416,0.03302,1
572,Male,83.04,2.7428112,0.03303,1
573,Male,83.0721,2.7447021840000003,0.03304,1
574,Male,83.1041,2.7465905050000003,0.03305,1
575,Male,83.136,2.7484761599999996,0.03306,1
576,Male,83.168,2.75119744,0.03308,1
577,Male,83.1999,2.753084691,0.03309,1
578,Male,83.2318,2.75497258,0.0331,1
579,Male,83.2637,2.756861107,0.03311,1
580,Male,83.2955,2.75874696,0.03312,1
581,Male,83.3273,2.7606334489999997,0.03313,1
582,Male,83.3591,2.7625205740000003,0.03314,1
583,Male,83.3908,2.76440502,0.03315,1
584,Male,83.4226,2.7662934160000003,0.03316,1
585,Male,83.4543,2.768179131,0.03317,1
586,Male,83.4859,2.7700621620000003,0.03318,1
587,Male,83.5176,2.7719491439999997,0.03319,1
588,Male,83.5492,2.77383344,0.0332,1
589,Male,83.5808,2.775718368,0.03321,1
590,Male,83.6124,2.7776039279999996,0.03322,1
591,Male,83.6439,2.779486797,0.03323,1
592,Male,83.6754,2.781370296,0.03324,1
593,Male,83.7069,2.7832544250000004,0.03325,1
594,Male,83.7384,2.7851391839999997,0.03326,1
595,Male,83.7698,2.787021246,0.03327,1
596,Male,83.8012,2.7897419479999996,0.03329,1
597,Male,83.8326,2.7916255800000003,0.0333,1
598,Male,83.864,2.79350984,0.03331,1
599,Male,83.8953,2.7953913960000003,0.03332,1
600,Male,83.9267,2.797276911,0.03333,1
601,Male,83.9579,2.799156386,0.03334,1
602,Male,83.9892,2.8010398199999997,0.03335,1
603,Male,84.0205,2.80292388,0.03336,1
604,Male,84.0517,2.804805229,0.03337,1
605,Male,84.0829,2.806687202,0.03338,1
606,Male,84.114,2.80856646,0.03339,1
607,Male,84.1452,2.81044968,0.0334,1
608,Male,84.1763,2.8123301830000003,0.03341,1
609,Male,84.2074,2.814211308,0.03342,1
610,Male,84.2385,2.81693544,0.03344,1
611,Male,84.2695,2.818814775,0.03345,1
612,Male,84.3006,2.8206980759999998,0.03346,1
613,Male,84.3316,2.822578652,0.03347,1
614,Male,84.3626,2.824459848,0.03348,1
615,Male,84.3935,2.826338315,0.03349,1
616,Male,84.4245,2.82822075,0.0335,1
617,Male,84.4554,2.8301004539999997,0.03351,1
618,Male,84.4862,2.831977424,0.03352,1
619,Male,84.5171,2.8338583629999996,0.03353,1
620,Male,84.5479,2.835736566,0.03354,1
621,Male,84.5787,2.8384611719999997,0.03356,1
622,Male,84.6095,2.840340915,0.03357,1
623,Male,84.6403,2.842221274,0.03358,1
624,Male,84.671,2.84409889,0.03359,1
625,Male,84.7017,2.8459771199999997,0.0336,1
626,Male,84.7324,2.847855964,0.03361,1
627,Male,84.7631,2.8497354219999997,0.03362,1
628,Male,84.7937,2.851612131,0.03363,1
629,Male,84.8243,2.8534894520000003,0.03364,1
630,Male,84.8549,2.855367385,0.03365,1
631,Male,84.8855,2.8580947849999996,0.03367,1
632,Male,84.916,2.85997088,0.03368,1
633,Male,84.9465,2.861847585,0.03369,1
634,Male,84.977,2.8637249000000002,0.0337,1
635,Male,85.0075,2.8656028249999994,0.03371,1
636,Male,85.0379,2.8674779879999996,0.03372,1
637,Male,85.0683,2.869353759,0.03373,1
638,Male,85.0987,2.8712301379999996,0.03374,1
639,Male,85.1291,2.873107125,0.03375,1
640,Male,85.1594,2.8758329380000003,0.03377,1
641,Male,85.1897,2.877708066,0.03378,1
642,Male,85.22,2.8795838,0.03379,1
643,Male,85.2503,2.8814601399999997,0.0338,1
644,Male,85.2805,2.883333705,0.03381,1
645,Male,85.3108,2.8852112560000003,0.03382,1
646,Male,85.341,2.88708603,0.03383,1
647,Male,85.3711,2.888958024,0.03384,1
648,Male,85.4013,2.890834005,0.03385,1
649,Male,85.4314,2.893561518,0.03387,1
650,Male,85.4615,2.89543562,0.03388,1
651,Male,85.4916,2.8973103240000007,0.033890000000000003,1
652,Male,85.5217,2.89918563,0.0339,1
653,Male,85.5517,2.901058147,0.03391,1
654,Male,85.5817,2.902931264,0.03392,1
655,Male,85.6117,2.9048049810000003,0.03393,1
656,Male,85.6417,2.906679298,0.03394,1
657,Male,85.6716,2.909407536,0.03396,1
658,Male,85.7015,2.911279955,0.03397,1
659,Male,85.7314,2.9131529720000002,0.03398,1
660,Male,85.7613,2.9150265870000003,0.03399,1
661,Male,85.7912,2.9169008000000005,0.034,1
662,Male,85.821,2.9187722099999998,0.03401,1
663,Male,85.8508,2.9206442160000003,0.03402,1
664,Male,85.8806,2.923375624,0.03404,1
665,Male,85.9104,2.9252491199999997,0.03405,1
666,Male,85.9401,2.927119806,0.03406,1
667,Male,85.9698,2.9289910860000004,0.03407,1
668,Male,85.9995,2.93086296,0.03408,1
669,Male,86.0292,2.9327354280000004,0.03409,1
670,Male,86.0589,2.9346084899999996,0.0341,1
671,Male,86.0885,2.936478735,0.03411,1
672,Male,86.1181,2.939210753,0.03413,1
673,Male,86.1477,2.9410824779999998,0.03414,1
674,Male,86.1773,2.942954795,0.03415,1
675,Male,86.2068,2.9448242880000004,0.03416,1
676,Male,86.2363,2.946694371,0.03417,1
677,Male,86.2659,2.9485684620000003,0.03418,1
678,Male,86.2954,2.950439726,0.03419,1
679,Male,86.3248,2.9531714079999998,0.03421,1
680,Male,86.3543,2.9550441459999996,0.03422,1
681,Male,86.3837,2.956914051,0.03423,1
682,Male,86.4131,2.958784544,0.03424,1
683,Male,86.4425,2.9606556250000002,0.03425,1
684,Male,86.4719,2.962527294,0.03426,1
685,Male,86.5012,2.964396124,0.03427,1
686,Male,86.5306,2.967134274,0.03429,1
687,Male,86.5599,2.9690045699999996,0.0343,1
688,Male,86.5892,2.970875452,0.03431,1
689,Male,86.6184,2.972743488,0.03432,1
690,Male,86.6477,2.974615541,0.03433,1
691,Male,86.6769,2.976484746,0.03434,1
692,Male,86.7061,2.9783545350000002,0.03435,1
693,Male,86.7353,2.9810922609999997,0.03437,1
694,Male,86.7645,2.98296351,0.03438,1
695,Male,86.7937,2.984835343,0.03439,1
696,Male,86.8228,2.98670432,0.0344,1
697,Male,86.8519,2.9885738790000005,0.03441,1
698,Male,86.881,2.99044402,0.03442,1
699,Male,86.9101,2.992314743,0.03443,1
700,Male,86.9392,2.9950554400000002,0.03445,1
701,Male,86.9682,2.9969241719999995,0.03446,1
702,Male,86.9972,2.998793484,0.03447,1
703,Male,87.0262,3.000663376,0.03448,1
704,Male,87.0552,3.002533848,0.03449,1
705,Male,87.0842,3.0044049,0.0345,1
706,Male,87.1131,3.006273081,0.03451,1
707,Male,87.142,3.0090132599999997,0.03453,1
708,Male,87.1709,3.010882886,0.03454,1
709,Male,87.1998,3.0127530899999995,0.03455,1
710,Male,87.2287,3.014623872,0.03456,1
711,Male,87.2575,3.0164917749999995,0.03457,1
712,Male,87.2863,3.018360254,0.03458,1
713,Male,87.3151,3.0202293090000003,0.03459,1
714,Male,87.3439,3.0229723790000005,0.03461,1
715,Male,87.3727,3.0248428739999995,0.03462,1
716,Male,87.4014,3.026710482,0.03463,1
717,Male,87.4302,3.0285821279999996,0.03464,1
718,Male,87.4589,3.030450885,0.03465,1
719,Male,87.4876,3.0323202160000005,0.03466,1
720,Male,87.5162,3.034186654,0.03467,1
721,Male,87.5449,3.036932581,0.03469,1
722,Male,87.5735,3.03880045,0.0347,1
723,Male,87.6021,3.0406688909999997,0.03471,1
724,Male,87.6307,3.042537904,0.03472,1
725,Male,87.6593,3.0444074889999997,0.03473,1
726,Male,87.6878,3.046274172,0.03474,1
727,Male,87.7164,3.0481449,0.03475,1
728,Male,87.7449,3.0508901730000004,0.03477,1
729,Male,87.7734,3.0527588519999997,0.03478,1
730,Male,87.8018,3.054624622,0.03479,1
731,Male,87.1303,3.056530924,0.03508,1
732,Male,87.1587,3.0583987830000003,0.03509,1
733,Male,87.1871,3.06026721,0.0351,1
734,Male,87.2155,3.0621362050000003,0.03511,1
735,Male,87.2439,3.064878207,0.03513,1
736,Male,87.2722,3.0667451079999997,0.03514,1
737,Male,87.3006,3.0686160900000004,0.03515,1
738,Male,87.3289,3.070484124,0.03516,1
739,Male,87.3571,3.0723492070000002,0.03517,1
740,Male,87.3854,3.0742183720000003,0.03518,1
741,Male,87.4136,3.076084584,0.03519,1
742,Male,87.4419,3.078829299,0.03521,1
743,Male,87.4701,3.080696922,0.03522,1
744,Male,87.4982,3.0825615859999997,0.03523,1
745,Male,87.5264,3.084430336,0.03524,1
746,Male,87.5545,3.086296125,0.03525,1
747,Male,87.5826,3.088162476,0.03526,1
748,Male,87.6107,3.090029389,0.03527,1
749,Male,87.6388,3.091896864,0.03528,1
750,Male,87.6668,3.0946380399999995,0.0353,1
751,Male,87.6948,3.096503388,0.03531,1
752,Male,87.7228,3.098369296,0.03532,1
753,Male,87.7508,3.100235764,0.03533,1
754,Male,87.7788,3.1021027920000006,0.03534,1
755,Male,87.8067,3.103966845,0.03535,1
756,Male,87.8346,3.105831456,0.03536,1
757,Male,87.8625,3.10857525,0.03538,1
758,Male,87.8903,3.1104377169999995,0.03539,1
759,Male,87.9181,3.11230074,0.0354,1
760,Male,87.946,3.11416786,0.03541,1
761,Male,87.9737,3.116028454,0.03542,1
762,Male,88.0015,3.117893145,0.03543,1
763,Male,88.0292,3.119754848,0.03544,1
764,Male,88.057,3.12162065,0.03545,1
765,Male,88.0846,3.124360762,0.03547,1
766,Male,88.1123,3.126224404,0.03548,1
767,Male,88.14,3.1280886,0.03549,1
768,Male,88.1676,3.1299497999999994,0.0355,1
769,Male,88.1952,3.131811552,0.03551,1
770,Male,88.2228,3.1336738560000006,0.03552,1
771,Male,88.2503,3.135533159,0.03553,1
772,Male,88.2778,3.13827579,0.03555,1
773,Male,88.3053,3.140136468,0.03556,1
774,Male,88.3328,3.141997696,0.03557,1
775,Male,88.3603,3.1438594739999997,0.03558,1
776,Male,88.3877,3.1457182429999997,0.03559,1
777,Male,88.4151,3.1475775599999998,0.0356,1
778,Male,88.4425,3.149437425,0.03561,1
779,Male,88.4699,3.1512978379999996,0.03562,1
780,Male,88.4972,3.154040208,0.03564,1
781,Male,88.5245,3.155898425,0.03565,1
782,Male,88.5518,3.1577571879999997,0.03566,1
783,Male,88.5791,3.159616497,0.03567,1
784,Male,88.6063,3.1614727840000003,0.03568,1
785,Male,88.6335,3.163329615,0.03569,1
786,Male,88.6607,3.1651869900000005,0.0357,1
787,Male,88.6879,3.167044909,0.03571,1
788,Male,88.715,3.1688998,0.03572,1
789,Male,88.7422,3.171646228,0.03574,1
790,Male,88.7693,3.173502475,0.03575,1
791,Male,88.7964,3.1753592640000003,0.03576,1
792,Male,88.8234,3.1772130180000007,0.03577,1
793,Male,88.8504,3.179067312,0.03578,1
794,Male,88.8775,3.1809257250000003,0.03579,1
795,Male,88.9044,3.1827775199999997,0.0358,1
796,Male,88.9314,3.184633434,0.03581,1
797,Male,88.9584,3.1864898879999997,0.03582,1
798,Male,88.9853,3.1892331519999995,0.03584,1
799,Male,89.012200000000007,3.1910873700000004,0.03585,1
800,Male,89.0391,3.1929421260000006,0.03586,1
801,Male,89.0659,3.194793833,0.03587,1
802,Male,89.0927,3.196646076,0.03588,1
803,Male,89.1195,3.198498855,0.03589,1
804,Male,89.1463,3.20035217,0.0359,1
805,Male,89.1731,3.202206021,0.03591,1
806,Male,89.1998,3.204056816,0.03592,1
807,Male,89.2266,3.2059117379999997,0.03593,1
808,Male,89.2533,3.208656135,0.03595,1
809,Male,89.2799,3.210505204,0.03596,1
810,Male,89.3066,3.2123584020000004,0.03597,1
811,Male,89.3332,3.214208536,0.03598,1
812,Male,89.3598,3.2160592020000003,0.03599,1
813,Male,89.3864,3.2179103999999996,0.036,1
814,Male,89.413,3.21976213,0.03601,1
815,Male,89.4395,3.22161079,0.03602,1
816,Male,89.466,3.22345998,0.03603,1
817,Male,89.4925,3.2253097000000004,0.03604,1
818,Male,89.519,3.22715995,0.03605,1
819,Male,89.5455,3.229906185,0.03607,1
820,Male,89.5719,3.231754152,0.03608,1
821,Male,89.5983,3.2336026469999997,0.03609,1
822,Male,89.6247,3.2354516700000002,0.0361,1
823,Male,89.651,3.23729761,0.03611,1
824,Male,89.6774,3.239147688,0.03612,1
825,Male,89.7037,3.240994681,0.03613,1
826,Male,89.73,3.2428422,0.03614,1
827,Male,89.7563,3.244690245,0.03615,1
828,Male,89.7825,3.2465352,0.03616,1
829,Male,89.8087,3.2483806790000003,0.03617,1
830,Male,89.8349,3.250226682,0.03618,1
831,Male,89.8611,3.25297182,0.0362,1
832,Male,89.8873,3.254819133,0.03621,1
833,Male,89.9134,3.256663348,0.03622,1
834,Male,89.9395,3.258508085,0.03623,1
835,Male,89.9656,3.260353344,0.03624,1
836,Male,89.9917,3.2621991249999995,0.03625,1
837,Male,90.0177,3.2640418020000004,0.03626,1
838,Male,90.0437,3.265884999,0.03627,1
839,Male,90.0697,3.2677287159999997,0.03628,1
840,Male,90.0957,3.269572953,0.03629,1
841,Male,90.1216,3.27141408,0.0363,1
842,Male,90.1476,3.273259356,0.03631,1
843,Male,90.1735,3.2751015199999998,0.03632,1
844,Male,90.1994,3.276944202,0.03633,1
845,Male,90.2252,3.278783768,0.03634,1
846,Male,90.251,3.2815263600000004,0.03636,1
847,Male,90.2769,3.283370853,0.03637,1
848,Male,90.3026,3.285208588,0.03638,1
849,Male,90.3284,3.287050476,0.03639,1
850,Male,90.3541,3.28888924,0.0364,1
851,Male,90.3799,3.290732159,0.03641,1
852,Male,90.4056,3.2925719520000003,0.03642,1
853,Male,90.4312,3.2944086159999997,0.03643,1
854,Male,90.4569,3.296249436,0.03644,1
855,Male,90.4825,3.2980871250000003,0.03645,1
856,Male,90.5081,3.299925326,0.03646,1
857,Male,90.5337,3.301764039,0.03647,1
858,Male,90.5592,3.303599616,0.03648,1
859,Male,90.5848,3.305439352,0.03649,1
860,Male,90.6103,3.3072759499999997,0.0365,1
861,Male,90.6358,3.3091130580000003,0.03651,1
862,Male,90.6612,3.3109470239999994,0.03652,1
863,Male,90.6867,3.312785151,0.03653,1
864,Male,90.7121,3.3146201340000006,0.03654,1
865,Male,90.7375,3.3164556249999997,0.03655,1
866,Male,90.7628,3.3182879680000004,0.03656,1
867,Male,90.7882,3.320124474,0.03657,1
868,Male,90.8135,3.322865965,0.03659,1
869,Male,90.8388,3.3247000800000004,0.0366,1
870,Male,90.8641,3.3265347009999995,0.03661,1
871,Male,90.8893,3.3283661660000003,0.03662,1
872,Male,90.9146,3.330201798,0.03663,1
873,Male,90.9398,3.332034272,0.03664,1
874,Male,90.965,3.3338672500000004,0.03665,1
875,Male,90.9901,3.335697066,0.03666,1
876,Male,91.0153,3.337531051,0.03667,1
877,Male,91.0404,3.339361872,0.03668,1
878,Male,91.0655,3.3411931950000002,0.03669,1
879,Male,91.0905,3.3430213500000003,0.0367,1
880,Male,91.1156,3.344853676,0.03671,1
881,Male,91.1406,3.3466828320000004,0.03672,1
882,Male,91.1656,3.348512488,0.03673,1
883,Male,91.1906,3.3503426440000004,0.03674,1
884,Male,91.2155,3.352169625,0.03675,1
885,Male,91.2405,3.35400078,0.03676,1
886,Male,91.2654,3.355828758,0.03677,1
887,Male,91.2903,3.357657234,0.03678,1
888,Male,91.3151,3.3594825290000006,0.03679,1
889,Male,91.34,3.361312,0.0368,1
890,Male,91.3648,3.3631382880000005,0.03681,1
891,Male,91.3896,3.364965072,0.03682,1
892,Male,91.4144,3.366792352,0.03683,1
893,Male,91.4391,3.3686164439999997,0.03684,1
894,Male,91.4639,3.370444715,0.03685,1
895,Male,91.4886,3.372269796,0.03686,1
896,Male,91.5133,3.374095371,0.03687,1
897,Male,91.5379,3.375917752,0.03688,1
898,Male,91.5626,3.377744314,0.03689,1
899,Male,91.5872,3.37956768,0.0369,1
