country,iso2,iso3,iso_numeric,g_whoregion,year,exp_cpp_dstb,exp_cpp_mdr,exp_cpp_xdr,exp_lab,rcvd_lab,exp_staff,rcvd_staff,exp_fld,rcvd_fld,exp_prog,rcvd_prog,exp_sld,rcvd_sld,exp_mdrmgt,rcvd_mdrmgt,exp_tbhiv,rcvd_tbhiv,exp_patsup,rcvd_patsup,exp_orsrvy,rcvd_orsrvy,exp_oth,rcvd_oth,exp_tot,rcvd_tot,rcvd_tot_domestic,rcvd_tot_gf,rcvd_tot_usaid,rcvd_tot_grnt,rcvd_tot_sources,hcfvisit_dstb,hcfvisit_mdr,hospd_dstb_prct,hospd_mdr_prct,hospd_dstb_dur,hospd_mdr_dur,hosp_type_mdr
Afghanistan,AF,AFG,004,EMR,2017,40,1400,3100,2463321,2463321,625971,625971,3073211,3073211,2764809,2764809,417694,417694,43918,43918,0,0,38000,38000,839482,839482,1805071,1805071,12071477,12071477,NA,4088013,3400000,4583464,12071477,12,256,2,100,15,240,142
Afghanistan,AF,AFG,004,EMR,2018,50,1500,2000,1471438,1471438,706095,706095,2828527,2828527,6027140,6027140,453231,453231,423581,423581,0,0,430132,430132,60000,60000,NA,NA,12400144,12400144,551664,3946378,4075745,3826357,12400144,72,236,1,90,10,180,142
Albania,AL,ALB,008,EUR,2017,NA,NA,NA,NA,NA,NA,NA,NA,NA,NA,NA,NA,NA,NA,NA,NA,NA,NA,NA,NA,NA,NA,NA,NA,NA,NA,NA,NA,NA,NA,34,NA,80,NA,20,NA,2
Albania,AL,ALB,008,EUR,2018,NA,NA,NA,NA,NA,NA,NA,NA,NA,NA,NA,NA,NA,NA,NA,NA,NA,NA,NA,NA,NA,NA,NA,NA,NA,NA,NA,NA,NA,NA,30,0,78,0,18,0,2
Algeria,DZ,DZA,012,AFR,2017,34,605,NA,NA,NA,NA,NA,774520,774520,NA,NA,36300,36300,NA,NA,NA,NA,NA,NA,NA,NA,NA,NA,810820,810820,810820,NA,NA,NA,810820,17,50,10,100,10,30,142
Algeria,DZ,DZA,012,AFR,2018,17,1120,NA,NA,NA,NA,NA,NA,NA,NA,NA,NA,NA,NA,NA,NA,NA,NA,NA,NA,NA,NA,NA,NA,NA,NA,NA,NA,NA,NA,17,24,10,100,7,30,142
American Samoa,AS,ASM,016,WPR,2017,NA,NA,NA,NA,NA,NA,NA,NA,NA,NA,NA,NA,NA,NA,NA,NA,NA,NA,NA,NA,NA,NA,NA,3000,NA,NA,NA,NA,NA,NA,180,120,20,0,14,0,2
American Samoa,AS,ASM,016,WPR,2018,NA,NA,NA,NA,NA,NA,NA,NA,NA,NA,NA,NA,NA,NA,NA,NA,NA,NA,NA,NA,NA,NA,NA,NA,NA,NA,NA,NA,NA,NA,2,2,60,0,7,0,2
Andorra,AD,AND,020,EUR,2017,NA,NA,NA,NA,NA,NA,NA,NA,NA,NA,NA,NA,NA,NA,NA,NA,NA,NA,NA,NA,NA,NA,NA,8000,NA,NA,NA,NA,NA,NA,NA,NA,100,100,15,15,141
Andorra,AD,AND,020,EUR,2018,NA,NA,NA,NA,NA,NA,NA,NA,NA,NA,NA,NA,NA,NA,NA,NA,NA,NA,NA,NA,NA,NA,NA,5000,NA,NA,NA,NA,NA,NA,NA,NA,100,100,15,15,141
Angola,AO,AGO,024,AFR,2017,458,1480,0,550000,550000,990000,990000,26507663,26507663,4100000,4100000,0,0,0,0,0,0,0,0,0,0,810863,810863,32958526,32958526,27985663,4972863,0,0,32958526,6,18,20,80,30,90,140
Angola,AO,AGO,024,AFR,2018,358,3748,4800,550000,550000,990000,990000,25271483,25271483,4800000,4800000,2432452,2432452,3658779,3658779,558575,558575,0,0,0,0,0,0,38261289,38261289,25830058,3758779,NA,8672452,38261289,6,18,20,80,30,90,140
Anguilla,AI,AIA,660,AMR,2017,NA,NA,NA,NA,NA,NA,NA,NA,NA,NA,NA,NA,NA,NA,NA,NA,NA,NA,NA,NA,NA,NA,NA,NA,NA,NA,NA,NA,NA,NA,0,0,0,0,0,0,2
Anguilla,AI,AIA,660,AMR,2018,NA,NA,NA,NA,NA,NA,NA,NA,NA,NA,NA,NA,NA,NA,NA,NA,NA,NA,NA,NA,NA,NA,NA,NA,NA,NA,NA,NA,NA,NA,NA,NA,NA,NA,NA,NA,2
Antigua and Barbuda,AG,ATG,028,AMR,2017,NA,NA,NA,NA,NA,NA,NA,NA,NA,NA,NA,NA,NA,NA,NA,NA,NA,NA,NA,NA,NA,NA,NA,NA,NA,NA,NA,NA,NA,NA,NA,NA,100,NA,21,NA,141
Antigua and Barbuda,AG,ATG,028,AMR,2018,NA,NA,NA,NA,NA,NA,NA,NA,NA,NA,NA,NA,NA,NA,NA,NA,NA,NA,NA,NA,NA,NA,NA,NA,NA,NA,NA,NA,NA,NA,64,NA,100,NA,18,NA,142
Argentina,AR,ARG,032,AMR,2017,274,6000,20000,0,0,0,0,2815619,2815619,0,0,460560,460560,0,0,0,0,0,0,0,0,0,0,3276179,3276179,3276179,0,0,0,3276179,180,720,20,80,22,60,141
Argentina,AR,ARG,032,AMR,2018,88,1182,5006,0,0,0,0,1481792,1481792,0,0,307361,307361,0,0,0,0,0,0,0,0,0,0,1789153,1789153,1789153,0,0,0,1789153,100,720,20,80,30,90,141
Armenia,AM,ARM,051,EUR,2017,NA,NA,NA,149511,149511,3077775,3077775,0,0,109605,109605,425182,425182,0,0,11035,11035,184685,184685,0,0,655051,655051,4612844,4612844,3021843,1591001,0,0,4612844,120,480,64,97,44,42,142
Armenia,AM,ARM,051,EUR,2018,NA,NA,NA,2031383,2031383,35119,35119,25883,25883,NA,NA,19575,19575,NA,NA,0,0,204184,204184,0,0,1758046,1758046,4074190,4074190,25883,4048307,0,0,4074190,120,480,62,95,22,35,142
Aruba,AW,ABW,533,AMR,2017,NA,NA,NA,NA,NA,NA,NA,NA,NA,NA,NA,NA,NA,NA,NA,NA,NA,NA,NA,NA,NA,NA,NA,NA,NA,NA,NA,NA,NA,NA,NA,NA,NA,NA,NA,NA,NA
Aruba,AW,ABW,533,AMR,2018,NA,NA,NA,NA,NA,NA,NA,NA,NA,NA,NA,NA,NA,NA,NA,NA,NA,NA,NA,NA,NA,NA,NA,NA,NA,NA,NA,NA,NA,NA,NA,NA,NA,NA,NA,NA,NA
Australia,AU,AUS,036,WPR,2017,NA,NA,NA,NA,NA,NA,NA,NA,NA,NA,NA,NA,NA,NA,NA,NA,NA,NA,NA,NA,NA,NA,NA,NA,NA,NA,NA,NA,NA,NA,NA,NA,NA,NA,NA,NA,142
Australia,AU,AUS,036,WPR,2018,NA,NA,NA,NA,NA,NA,NA,NA,NA,NA,NA,NA,NA,NA,NA,NA,NA,NA,NA,NA,NA,NA,NA,NA,NA,NA,NA,NA,NA,NA,NA,NA,NA,NA,NA,NA,142
Austria,AT,AUT,040,EUR,2017,NA,NA,NA,NA,NA,NA,NA,NA,NA,NA,NA,NA,NA,NA,NA,NA,NA,NA,NA,NA,NA,NA,NA,NA,NA,NA,NA,NA,NA,NA,NA,NA,NA,NA,NA,NA,NA
Austria,AT,AUT,040,EUR,2018,NA,NA,NA,NA,NA,NA,NA,NA,NA,NA,NA,NA,NA,NA,NA,NA,NA,NA,NA,NA,NA,NA,NA,NA,NA,NA,NA,NA,NA,NA,NA,NA,NA,NA,NA,NA,NA
Azerbaijan,AZ,AZE,031,EUR,2017,NA,NA,NA,NA,NA,NA,NA,NA,NA,NA,NA,NA,NA,NA,NA,NA,NA,NA,NA,NA,NA,NA,NA,NA,NA,NA,NA,NA,NA,NA,NA,NA,NA,NA,NA,NA,NA
Azerbaijan,AZ,AZE,031,EUR,2018,61,3000,5100,914655,914655,9658583,9658583,436318,436318,4540068,4540068,1817978,1817978,164068,164068,59400,59400,NA,NA,2941,2941,112212,112212,17706223,17706223,15349747,2356476,NA,NA,17706223,24,624,27,59,56,88,2
Bahamas,BS,BHS,044,AMR,2017,NA,NA,NA,NA,NA,NA,NA,NA,NA,NA,NA,NA,NA,NA,NA,NA,NA,NA,NA,NA,NA,NA,NA,NA,NA,NA,NA,NA,NA,NA,306,0,100,0,14,14,142
Bahamas,BS,BHS,044,AMR,2018,NA,NA,NA,NA,NA,NA,NA,NA,NA,NA,NA,NA,NA,NA,NA,NA,NA,NA,NA,NA,NA,NA,NA,NA,NA,NA,NA,NA,NA,NA,20,0,100,0,14,0,142
Bahrain,BH,BHR,048,EMR,2017,NA,NA,NA,NA,NA,NA,NA,NA,NA,NA,NA,NA,NA,NA,NA,NA,NA,NA,NA,NA,NA,NA,NA,NA,NA,NA,NA,NA,NA,NA,35,125,100,100,30,120,142
Bahrain,BH,BHR,048,EMR,2018,NA,NA,NA,NA,NA,NA,NA,NA,NA,NA,NA,NA,NA,NA,NA,NA,NA,NA,NA,NA,NA,NA,NA,NA,NA,NA,NA,NA,NA,NA,38,96,100,100,30,90,142
Bangladesh,BD,BGD,050,SEA,2017,25,1249,9224,4100296,4218465,12949013,14096313,3021762,9832809,3618967,3643380,699093,701716,110128,110128,38969,94813,2214809,2703373,52149,112213,6046846,7068187,32852032,42581397,6886000,32311925,3383472,0,42581397,4,80,5,100,21,90,142
Bangladesh,BD,BGD,050,SEA,2018,22,1107,1107,14200220,15593760,14060161,14879186,5810764,6446937,13379685,14435127,1060564,1060564,468180,468180,12028,12270,679992,681532,0,384422,994989,2018533,50666583,55980511,13316019,29164492,13500000,0,55980511,4,80,3,100,0,30,142
Barbados,BB,BRB,052,AMR,2017,NA,NA,NA,NA,NA,NA,NA,NA,NA,NA,NA,NA,NA,NA,NA,NA,NA,NA,NA,NA,NA,NA,NA,0,NA,NA,NA,NA,NA,NA,0,0,0,0,0,0,141
Barbados,BB,BRB,052,AMR,2018,NA,NA,NA,NA,NA,NA,NA,NA,NA,NA,NA,NA,NA,NA,NA,NA,NA,NA,NA,NA,NA,NA,NA,0,NA,NA,NA,NA,NA,NA,64,0,100,0,60,0,141
Belarus,BY,BLR,112,EUR,2017,50,4500,7600,1121969,1121969,NA,NA,100000,100000,NA,NA,7857547,7857547,NA,NA,12405,12405,351334,351334,NA,NA,38119,38119,9481374,9481374,6534754,2426504,NA,520116,9481374,180,480,80,84,50,120,2
Belarus,BY,BLR,112,EUR,2018,50,4500,7600,2104775,2104775,54665,54665,87248,87248,NA,NA,4649734,4649734,49251,49251,5854,5854,387402,387402,131140,131140,57936,57936,7528005,7528005,3256405,2794841,0,1476759,7528005,180,480,80,84,50,115,2
Belgium,BE,BEL,056,EUR,2017,NA,NA,NA,NA,NA,NA,NA,NA,NA,NA,NA,NA,NA,NA,NA,NA,NA,NA,NA,NA,NA,NA,NA,NA,NA,NA,NA,NA,NA,NA,NA,NA,NA,75,NA,44,142
Belgium,BE,BEL,056,EUR,2018,NA,NA,NA,NA,NA,NA,NA,NA,NA,NA,NA,NA,NA,NA,NA,NA,NA,NA,NA,NA,NA,NA,NA,NA,NA,NA,NA,NA,NA,NA,NA,NA,NA,100,NA,126,142
Belize,BZ,BLZ,084,AMR,2017,42,3508,0,71233,103300,99196,99196,8202,8202,140853,172416,3508,3508,0,2515,26380,70805,41898,60489,75362,77750,NA,NA,466632,598181,21710,576471,0,0,598181,98,365,17,NA,9,NA,2
Belize,BZ,BLZ,084,AMR,2018,72,3160,0,42545,42545,106292,106292,8640,8640,45170,45170,6320,6320,0,0,78659,78659,34949,34949,65232,65232,4221,4221,392028,392028,19960,372068,0,0,392028,98,365,17,1,9,7,141
Benin,BJ,BEN,204,AFR,2017,22,526,0,1132692,1236714,671032,878975,78646,78646,1575991,1710205,8405,8405,335516,439004,1888,3391,222803,230853,14896,22782,0,0,4041869,4608975,224021,4373065,0,11889,4608975,63,129,35,100,60,120,140
Benin,BJ,BEN,204,AFR,2018,52,802,0,485612,535708,441112,549881,211276,241521,499384,1323580,19251,27406,1705,11409,0,18458,121582,228735,17988,55303,0,0,1797910,2992001,293256,2687778,0,10967,2992001,63,129,35,100,60,120,142
Bermuda,BM,BMU,060,AMR,2017,NA,NA,NA,NA,NA,NA,NA,NA,NA,NA,NA,NA,NA,NA,NA,NA,NA,NA,NA,NA,NA,NA,NA,NA,NA,NA,NA,NA,NA,NA,NA,0,50,0,42,0,142
Bermuda,BM,BMU,060,AMR,2018,NA,NA,NA,NA,NA,NA,NA,NA,NA,NA,NA,NA,NA,NA,NA,NA,NA,NA,NA,NA,NA,NA,NA,NA,NA,NA,NA,NA,NA,NA,NA,0,50,0,42,0,142
Bhutan,BT,BTN,064,SEA,2017,49,760,0,46147,81380,0,0,43400,45000,155555,325599,49000,58000,30000,70000,700,1774,0,0,5000,10000,NA,NA,329802,591753,NA,591753,NA,NA,591753,64,78,20,15,14,120,141
Bhutan,BT,BTN,064,SEA,2018,119,2057,0,78224,163497,3468,4303,57413,57413,96041,100000,93624,93624,50000,52483,17550,17550,0,4161,0,0,0,0,396320,493031,57413,435618,0,0,493031,10,25,43,70,14,120,142
Bolivia (Plurinational State of),BO,BOL,068,AMR,2017,68,4741,10500,349686,361611,169487,169487,603869,603955,942331,1006461,144251,144251,0,0,7089,7089,226133,229994,8696,8696,403169,410291,2854711,2941835,1136150,1805685,0,0,2941835,132,624,5,0,5,0,142
Bolivia (Plurinational State of),BO,BOL,068,AMR,2018,81,1389,9454,920892,2797906,383167,386905,657369,657369,680679,872404,206109,219962,66226,75784,42059,54290,117343,275475,0,0,956239,1703654,4030083,7043749,1023160,6020589,0,0,7043749,132,540,1,2,5,30,142
Bosnia and Herzegovina,BA,BIH,070,EUR,2017,112,0,0,3196979,3196979,126184,126184,NA,NA,4498358,4498358,0,0,0,0,0,0,11300,11300,0,0,5520,5520,7838341,7838341,7838341,NA,NA,NA,7838341,53,200,98,98,45,180,142
Bosnia and Herzegovina,BA,BIH,070,EUR,2018,242,0,0,349839,349839,2218262,2218262,161978,161978,1760,1760,NA,NA,NA,NA,NA,NA,8777,8777,NA,NA,11429,11429,2752045,2752045,2750285,1760,0,0,2752045,6,15,100,100,28,180,142
Botswana,BW,BWA,072,AFR,2017,230,9000,10000,3282818,3282818,1000000,1000000,1500000,1500000,1700000,1700000,1170000,1170000,200000,200000,2500000,2500000,NA,NA,5200000,5200000,NA,NA,16552818,16552818,6424305,5128513,5000000,NA,16552818,20,192,5,5,14,60,142
Botswana,BW,BWA,072,AFR,2018,257,6700,10000,2028100,2187200,984800,1030000,954498,1307800,180000,249022,576200,1052374,166000,186856,120887,140581,217000,316931,0,0,87000,120000,5314485,6590764,4190764,1900000,500000,0,6590764,20,192,5,5,14,60,140
Brazil,BR,BRA,076,AMR,2017,49,2834,0,5880252,5880252,10434308,10434308,4695383,4695383,19320444,19320444,2826465,2826465,1889169,1889169,1080874,1080874,NA,NA,593726,593726,NA,NA,46720621,46720621,46720621,0,0,NA,46720621,72,288,17,30,20,90,142
Brazil,BR,BRA,076,AMR,2018,35,3332,0,7142388,7142388,778644,778644,3181599,3181599,19234620,19234620,3185568,3185568,1302137,1302137,181318,181318,NA,NA,806852,806852,12000,12000,35825126,35825126,35813126,NA,NA,12000,35825126,72,288,17,30,21,90,142
British Virgin Islands,VG,VGB,092,AMR,2017,NA,NA,NA,NA,NA,NA,NA,NA,NA,NA,NA,NA,NA,NA,NA,NA,NA,NA,NA,NA,NA,NA,NA,NA,NA,NA,NA,NA,NA,NA,NA,NA,NA,NA,NA,NA,NA
British Virgin Islands,VG,VGB,092,AMR,2018,NA,NA,NA,NA,NA,NA,NA,NA,NA,NA,NA,NA,NA,NA,NA,NA,NA,NA,NA,NA,NA,NA,NA,NA,NA,NA,NA,NA,NA,NA,NA,NA,NA,NA,NA,NA,NA
Brunei Darussalam,BN,BRN,096,WPR,2017,NA,NA,NA,NA,NA,NA,NA,NA,NA,NA,NA,NA,NA,NA,NA,NA,NA,NA,NA,NA,NA,NA,NA,NA,NA,NA,NA,NA,NA,NA,98,NA,75,NA,14,NA,142
Brunei Darussalam,BN,BRN,096,WPR,2018,NA,NA,NA,NA,NA,NA,NA,NA,NA,NA,NA,NA,NA,NA,NA,NA,NA,NA,NA,NA,NA,NA,NA,NA,NA,NA,NA,NA,NA,NA,112,0,80,0,14,0,142
Bulgaria,BG,BGR,100,EUR,2017,119,0,0,127769,127769,6679700,6679700,169460,169460,899111,899111,0,0,53991,53991,237,237,142556,142556,2459,2459,409733,409733,8485016,8485016,6994818,1490198,0,0,8485016,NA,NA,90,95,NA,NA,142
Bulgaria,BG,BGR,100,EUR,2018,91,1308,0,432654,432654,6179895,6179895,168233,168233,1147438,1147438,35306,35306,32403,32403,826,826,242864,242864,29184,29184,584888,584888,8853691,8853691,6624039,2229652,0,0,8853691,NA,NA,90,95,NA,NA,142
Burkina Faso,BF,BFA,854,AFR,2017,117,20,NA,NA,NA,74310,110241,680464,680464,110589,121329,1275,2550,7022,17533,1320,1320,46280,142633,10000,10000,0,0,931260,1086070,64000,1022070,0,0,1086070,67,2700,NA,20,NA,31,142
Burkina Faso,BF,BFA,854,AFR,2018,15,11,3,293485,380274,94857,103779,356067,399103,389426,578098,3371,89577,2830,2994,1370,1600,78948,88714,400,88542,0,0,1220754,1732681,149796,1582885,NA,NA,1732681,67,270,NA,20,NA,31,142
Burundi,BI,BDI,108,AFR,2017,56,1606,0,NA,NA,NA,NA,NA,NA,NA,NA,NA,NA,NA,NA,NA,NA,NA,NA,NA,NA,NA,NA,NA,NA,NA,NA,0,NA,0,168,150,0,45,0,120,2
Burundi,BI,BDI,108,AFR,2018,529,2528,0,NA,NA,NA,NA,NA,NA,NA,NA,NA,NA,NA,NA,NA,NA,NA,NA,NA,NA,NA,695829,NA,695829,73099,622730,NA,NA,695829,168,150,0,45,0,120,2
Cabo Verde,CV,CPV,132,AFR,2017,60,1500,NA,11880,11880,19000,19000,15000,15000,8600,8600,8000,8000,7000,7000,19500,19500,0,0,3500,3500,NA,NA,92480,92480,69480,19500,0,3500,92480,108,216,10,80,10,90,142
Cabo Verde,CV,CPV,132,AFR,2018,60,1500,NA,11000,11000,19000,19000,13000,13000,13000,13000,9662,9662,0,0,15000,15000,0,0,0,0,0,0,80662,80662,60000,20662,0,0,80662,108,216,10,80,10,90,142
Cambodia,KH,KHM,116,WPR,2017,40,1741,NA,2598687,2598687,3451621,3451621,1400000,1400000,8228557,8228557,130612,130612,71536,71536,8258,8258,693565,693565,0,0,5775,5775,16588611,16588611,3480769,7257842,3750000,2100000,16588611,66,15,15,80,20,17,141
Cambodia,KH,KHM,116,WPR,2018,45,2500,5000,1318665,1318665,3010474,3010474,1400000,1400000,5154161,5154161,109870,109870,90947,90947,7751,7751,162953,162953,0,0,5774,5774,11260595,11260595,4559546,2951049,1700000,2050000,11260595,66,15,15,80,20,17,141
Cameroon,CM,CMR,120,AFR,2017,70,1132,1301,293349,339858,844275,959152,1761290,1768545,135155,205692,605889,776292,126809,140300,6488,6488,324148,345291,45261,54722,869398,1031080,5012062,5627420,2177070,3450350,0,0,5627420,5,6,100,100,45,120,140
Cameroon,CM,CMR,120,AFR,2018,46,436,6060,1272727,1272727,315414,315414,1159091,1159091,204545,204545,61818,61818,10909,10909,NA,NA,90389,90389,NA,NA,NA,NA,3114893,3114893,778723,2336170,NA,NA,3114893,5,6,80,100,45,120,140
Canada,CA,CAN,124,AMR,2017,NA,NA,NA,NA,NA,NA,NA,NA,NA,NA,NA,NA,NA,NA,NA,NA,NA,NA,NA,NA,NA,NA,NA,NA,NA,NA,NA,NA,NA,NA,NA,NA,NA,NA,NA,NA,142
Canada,CA,CAN,124,AMR,2018,NA,NA,NA,NA,NA,NA,NA,NA,NA,NA,NA,NA,NA,NA,NA,NA,NA,NA,NA,NA,NA,NA,NA,NA,NA,NA,NA,NA,NA,NA,NA,NA,NA,NA,NA,NA,142
Cayman Islands,KY,CYM,136,AMR,2017,NA,NA,NA,NA,NA,NA,NA,NA,NA,NA,NA,NA,NA,NA,NA,NA,NA,NA,NA,NA,NA,NA,NA,NA,NA,NA,NA,NA,NA,NA,4,0,100,0,14,0,140
Cayman Islands,KY,CYM,136,AMR,2018,NA,NA,NA,NA,NA,NA,NA,NA,NA,NA,NA,NA,NA,NA,NA,NA,NA,NA,NA,NA,NA,NA,NA,NA,NA,NA,NA,NA,NA,NA,3,0,100,0,14,0,140
Central African Republic,CF,CAF,140,AFR,2017,25,2000,2500,209160,209160,302582,302582,245475,245475,200000,200000,172000,172000,62107,62107,11562,11562,250000,250000,NA,NA,NA,NA,1452886,1452886,247481,1205405,NA,NA,1452886,63,122,5,10,14,60,142
Central African Republic,CF,CAF,140,AFR,2018,25,1192,NA,209160,209160,302582,302582,768156,914472,121957,145187,234050,278631,111138,132307,10833,12897,250000,250000,17224,17224,40800,40800,2065900,2303260,761742,1483494,17224,40800,2303260,64,270,10,20,14,21,142
Chad,TD,TCD,148,AFR,2017,NA,NA,NA,114892,114892,65911,65911,1232100,1232100,966557,966557,NA,NA,NA,NA,NA,NA,38961,38961,NA,NA,NA,NA,2418421,2418421,NA,2418421,NA,NA,2418421,64,125,20,100,60,120,142
Chad,TD,TCD,148,AFR,2018,34,667,0,134850,134850,120106,120106,654019,654019,463352,463352,33357,33357,0,0,96667,96667,403238,403238,0,0,0,0,1905589,1905589,234691,1670898,0,0,1905589,64,125,20,100,60,120,142
Chile,CL,CHL,152,AMR,2017,80,4000,10000,NA,NA,NA,NA,NA,NA,NA,NA,NA,NA,NA,NA,NA,NA,NA,NA,NA,NA,NA,NA,NA,NA,NA,NA,NA,NA,NA,117,270,30,15,15,60,2
Chile,CL,CHL,152,AMR,2018,90,6000,10000,NA,NA,NA,NA,NA,NA,NA,NA,NA,NA,NA,NA,NA,NA,NA,NA,NA,NA,NA,NA,NA,NA,NA,NA,NA,NA,NA,117,270,NA,NA,28,28,2
China,CN,CHN,156,WPR,2017,51,2235,NA,8534017,8534017,129031725,129031725,39702072,39702072,214056967,214056967,9296020,9296020,14448476,14448476,NA,NA,NA,NA,3865211,11527023,NA,NA,418934488,426596300,415620436,NA,NA,10975864,426596300,15,52,30,100,21,60,141
China,CN,CHN,156,WPR,2018,65,7522,NA,8776119,8776119,137934914,137934914,51586567,51586567,253523881,253523881,67431111,67431111,19858209,19858209,0,0,0,0,26212115,30224531,0,0,565322916,569335332,559260055,0,0,10075277,569335332,15,52,30,100,21,60,141
"China, Hong Kong SAR",HK,HKG,344,WPR,2017,NA,NA,NA,NA,NA,NA,NA,NA,NA,NA,NA,NA,NA,NA,NA,NA,NA,NA,NA,NA,NA,NA,NA,NA,NA,NA,NA,NA,NA,NA,102,312,30,85,10,50,142
"China, Hong Kong SAR",HK,HKG,344,WPR,2018,NA,NA,NA,NA,NA,NA,NA,NA,NA,NA,NA,NA,NA,NA,NA,NA,NA,NA,NA,NA,NA,NA,NA,45000000,NA,NA,NA,NA,NA,NA,100,300,30,90,10,50,142
"China, Macao SAR",MO,MAC,446,WPR,2017,NA,NA,NA,NA,NA,NA,NA,NA,NA,NA,NA,NA,NA,NA,NA,NA,NA,NA,NA,NA,NA,NA,NA,NA,NA,NA,NA,NA,NA,NA,NA,NA,NA,NA,NA,NA,NA
"China, Macao SAR",MO,MAC,446,WPR,2018,NA,NA,NA,NA,NA,NA,NA,NA,NA,NA,NA,NA,NA,NA,NA,NA,NA,NA,NA,NA,NA,NA,NA,NA,NA,NA,NA,NA,NA,NA,NA,NA,NA,NA,NA,NA,NA
Colombia,CO,COL,170,AMR,2017,28,2500,NA,84000,84000,1700000,1700000,351000,351000,620153,620153,490000,490000,610000,610000,127532,127532,0,0,10000,10000,NA,NA,3992685,3992685,3776805,210480,0,5400,3992685,130,730,52,35,NA,NA,142
Colombia,CO,COL,170,AMR,2018,27,2500,NA,84000,84000,1700000,1700000,351000,351000,620153,620153,490000,490000,610000,610000,127532,127532,NA,NA,10000,10000,NA,NA,3992685,3992685,3992685,NA,NA,NA,3992685,121,802,50,15,5,11,142
Comoros,KM,COM,174,AFR,2017,NA,NA,NA,NA,NA,NA,NA,NA,NA,NA,NA,NA,NA,NA,NA,NA,NA,NA,NA,NA,NA,NA,NA,520000,NA,NA,NA,NA,NA,NA,64,270,3,100,7,120,140
Comoros,KM,COM,174,AFR,2018,NA,NA,NA,NA,NA,NA,NA,NA,NA,NA,NA,NA,NA,NA,NA,NA,NA,NA,NA,NA,NA,NA,NA,411286,NA,NA,NA,NA,NA,NA,64,0,10,0,5,0,2
Congo,CG,COG,178,AFR,2017,10,3076,0,90738,90738,0,0,98579,98579,1091802,1091802,86123,86123,0,0,0,0,0,0,0,0,0,0,1367242,1367242,1091802,275440,0,0,1367242,3,42,20,10,3,15,142
Congo,CG,COG,178,AFR,2018,12,1800,0,82853,82853,4961,4961,139536,139536,30280,30280,84600,84600,308329,308329,61819,61819,11493,11493,0,0,0,0,723871,723871,113809,610062,0,0,723871,24,27,20,10,3,15,142
Cook Islands,CK,COK,184,WPR,2017,NA,NA,NA,NA,NA,NA,NA,NA,NA,NA,NA,NA,NA,NA,NA,NA,NA,NA,NA,NA,NA,NA,NA,24421,NA,NA,NA,NA,NA,NA,0,0,0,0,0,0,140
Cook Islands,CK,COK,184,WPR,2018,NA,NA,NA,NA,NA,NA,NA,NA,NA,NA,NA,NA,NA,NA,NA,NA,NA,NA,NA,NA,NA,NA,NA,38550,NA,NA,NA,NA,NA,NA,0,0,0,0,0,0,2
Costa Rica,CR,CRI,188,AMR,2017,NA,NA,NA,NA,NA,NA,NA,NA,NA,NA,NA,NA,NA,NA,NA,NA,NA,NA,NA,NA,NA,NA,NA,0,NA,NA,NA,NA,NA,NA,88,720,17,25,15,21,142
Costa Rica,CR,CRI,188,AMR,2018,NA,NA,NA,NA,NA,NA,NA,NA,NA,NA,NA,NA,NA,NA,NA,NA,NA,NA,NA,NA,NA,NA,NA,0,NA,NA,NA,NA,NA,NA,88,720,20,30,15,21,142
Côte d'Ivoire,CI,CIV,384,AFR,2017,NA,NA,NA,2556973,3077097,457330,617438,92889,121758,2035888,2420284,382139,464305,156142,180436,44727,46331,304936,339634,125746,168158,1573205,1596231,7729975,9031672,1473336,7274518,0,283818,9031672,36,280,NA,NA,NA,NA,142
Côte d'Ivoire,CI,CIV,384,AFR,2018,NA,NA,NA,718382,718382,391082,590349,523475,571945,1048772,1316784,320200,481110,4207,38479,63481,71581,292786,350952,0,0,209490,248031,3571875,4387613,511527,3689694,186392,NA,4387613,36,270,NA,NA,NA,NA,142
Croatia,HR,HRV,191,EUR,2017,NA,NA,NA,NA,NA,NA,NA,NA,NA,NA,NA,NA,NA,NA,NA,NA,NA,NA,NA,NA,NA,NA,NA,NA,NA,NA,NA,NA,NA,NA,NA,NA,NA,NA,NA,NA,NA
Croatia,HR,HRV,191,EUR,2018,NA,NA,NA,NA,NA,NA,NA,NA,NA,NA,NA,NA,NA,NA,NA,NA,NA,NA,NA,NA,NA,NA,NA,NA,NA,NA,NA,NA,NA,NA,NA,NA,NA,NA,NA,NA,NA
Cuba,CU,CUB,192,AMR,2017,NA,NA,NA,NA,NA,NA,NA,NA,NA,NA,NA,NA,NA,NA,NA,NA,NA,NA,NA,NA,NA,NA,NA,1136351,NA,NA,NA,NA,NA,NA,108,360,10,100,7,85,140
Cuba,CU,CUB,192,AMR,2018,NA,NA,NA,NA,NA,NA,NA,NA,NA,NA,NA,NA,NA,NA,NA,NA,NA,NA,NA,NA,NA,NA,NA,1136351,NA,NA,NA,NA,NA,NA,108,365,10,100,15,90,140
Curaçao,CW,CUW,531,AMR,2017,NA,NA,NA,NA,NA,NA,NA,NA,NA,NA,NA,NA,NA,NA,NA,NA,NA,NA,NA,NA,NA,NA,NA,NA,NA,NA,NA,NA,NA,NA,10,64,67,100,14,14,142
Curaçao,CW,CUW,531,AMR,2018,NA,NA,NA,NA,NA,NA,NA,NA,NA,NA,NA,NA,NA,NA,NA,NA,NA,NA,NA,NA,NA,NA,NA,NA,NA,NA,NA,NA,NA,NA,NA,NA,NA,NA,NA,NA,NA
Cyprus,CY,CYP,196,EUR,2017,NA,NA,NA,NA,NA,NA,NA,NA,NA,NA,NA,NA,NA,NA,NA,NA,NA,NA,NA,NA,NA,NA,NA,NA,NA,NA,NA,NA,NA,NA,64,NA,83,NA,45,NA,140
Cyprus,CY,CYP,196,EUR,2018,NA,NA,NA,NA,NA,NA,NA,NA,NA,NA,NA,NA,NA,NA,NA,NA,NA,NA,NA,NA,NA,NA,NA,NA,NA,NA,NA,NA,NA,NA,NA,NA,NA,NA,NA,NA,NA
Czechia,CZ,CZE,203,EUR,2017,NA,NA,NA,NA,NA,NA,NA,NA,NA,NA,NA,NA,NA,NA,NA,NA,NA,NA,NA,NA,NA,NA,NA,NA,NA,NA,NA,NA,NA,NA,10,24,95,100,75,240,142
Czechia,CZ,CZE,203,EUR,2018,NA,NA,NA,NA,NA,NA,NA,NA,NA,NA,NA,NA,NA,NA,NA,NA,NA,NA,NA,NA,NA,NA,NA,NA,NA,NA,NA,NA,NA,NA,10,24,95,100,75,240,142
Democratic People's Republic of Korea,KP,PRK,408,SEA,2017,29,1080,0,414890,664390,2534070,2534070,4631560,4636560,1353360,1364800,1195560,1195560,106600,106600,0,0,319050,319050,230710,230710,2311910,2374780,13097710,13426520,5600920,6630040,0,1195560,13426520,120,NA,20,100,60,240,141
Democratic People's Republic of Korea,KP,PRK,408,SEA,2018,28,1066,0,365900,365900,2517300,2517300,2788500,2788500,1199700,1199700,1585100,1585100,247500,247500,NA,NA,190200,190200,132600,132600,1462000,1462000,10488800,10488800,5702200,3713700,NA,1072900,10488800,120,NA,20,100,60,240,141
Democratic Republic of the Congo,CD,COD,180,AFR,2017,33,2330,7500,2957757,2957757,2147644,2147644,5092778,5092778,7814116,7814116,2065204,2065204,1499086,1499086,24500,24500,731117,731117,78554,78554,1310586,1310586,23721342,23721342,187660,14342309,3416278,5775095,23721342,77,150,1,10,30,120,141
Democratic Republic of the Congo,CD,COD,180,AFR,2018,30,624,5145,2749494,2749494,1625684,1625684,5150522,5150522,8127945,8127945,831538,831538,1495887,1495887,1196007,1196007,344427,344427,371535,371535,2411910,2411910,24304949,24304949,551800,11246710,6723784,5782655,24304949,68,124,1,10,30,120,142
Denmark,DK,DNK,208,EUR,2017,NA,NA,NA,NA,NA,NA,NA,NA,NA,NA,NA,NA,NA,NA,NA,NA,NA,NA,NA,NA,NA,NA,NA,NA,NA,NA,NA,NA,NA,NA,NA,NA,NA,NA,NA,NA,NA
Denmark,DK,DNK,208,EUR,2018,NA,NA,NA,NA,NA,NA,NA,NA,NA,NA,NA,NA,NA,NA,NA,NA,NA,NA,NA,NA,NA,NA,NA,NA,NA,NA,NA,NA,NA,NA,NA,NA,NA,NA,NA,NA,NA
Djibouti,DJ,DJI,262,EMR,2017,104,840,4765,342815,545080,51027,55188,204283,306602,388721,478027,6943,95702,45736,51411,26460,45879,10711,85703,0,10124,0,54100,1076696,1727816,NA,1673716,NA,54100,1727816,60,12,20,75,15,60,142
Djibouti,DJ,DJI,262,EMR,2018,34,767,6135,4369,4369,120575,120575,27263,67100,0,0,70207,84520,11560,11560,6971,6971,0,0,0,0,406877,406877,647822,701972,NA,701972,0,NA,701972,NA,NA,25,80,20,30,142
Dominica,DM,DMA,212,AMR,2017,NA,NA,NA,NA,NA,NA,NA,NA,NA,NA,NA,NA,NA,NA,NA,NA,NA,NA,NA,NA,NA,NA,NA,NA,NA,NA,NA,NA,NA,NA,5,0,100,0,180,0,2
Dominica,DM,DMA,212,AMR,2018,NA,NA,NA,NA,NA,NA,NA,NA,NA,NA,NA,NA,NA,NA,NA,NA,NA,NA,NA,NA,NA,NA,NA,NA,NA,NA,NA,NA,NA,NA,64,0,100,0,60,0,2
Dominican Republic,DO,DOM,214,AMR,2017,55,2031,23610,176496,176496,10420239,10420239,248795,248795,950000,950000,503085,503085,390000,390000,150000,150000,550000,550000,70000,70000,600000,600000,14058615,14058615,12111105,1867510,80000,0,14058615,130,360,5,30,5,30,142
Dominican Republic,DO,DOM,214,AMR,2018,58,1421,23610,481437,481437,10941251,10941251,235228,235228,2000000,2000000,251626,251626,2000000,2000000,735000,735000,1050000,1050000,540000,540000,780000,780000,19014542,19014542,16047736,2886806,80000,0,19014542,130,360,5,30,5,30,142
Ecuador,EC,ECU,218,AMR,2017,24,1024,12613,NA,NA,NA,NA,NA,NA,NA,NA,NA,NA,NA,NA,NA,NA,NA,NA,NA,NA,NA,NA,NA,NA,NA,NA,NA,NA,NA,180,540,12,100,NA,30,142
Ecuador,EC,ECU,218,AMR,2018,36,844,0,92243,92243,NA,NA,225172,225172,NA,NA,212696,212696,NA,NA,NA,NA,NA,NA,NA,NA,NA,NA,530111,530111,530111,NA,NA,NA,530111,180,540,12,100,15,30,141
Egypt,EG,EGY,818,EMR,2017,20,584,950,NA,0,NA,0,162416,162416,NA,0,72432,72432,NA,0,NA,0,NA,0,NA,0,NA,0,234848,234848,134337,0,0,100511,234848,24,50,60,100,15,180,142
Egypt,EG,EGY,818,EMR,2018,NA,NA,NA,NA,NA,NA,NA,NA,NA,NA,NA,NA,NA,NA,NA,NA,NA,NA,NA,NA,NA,NA,NA,NA,NA,NA,NA,NA,NA,NA,NA,NA,NA,NA,NA,NA,NA
El Salvador,SV,SLV,222,AMR,2017,27,1092,0,358367,358367,1226258,1226258,98939,98939,1343249,1343249,18647,18647,25550,25550,62597,62597,70446,70446,27695,27695,592949,592949,3824697,3824697,1398452,2416245,0,10000,3824697,100,468,5,100,8,42,141
El Salvador,SV,SLV,222,AMR,2018,52,3619,0,834641,834641,5228265,5228265,201146,201146,6350343,6350343,25332,25332,25621,25621,94712,94712,74994,74994,108400,108400,1089928,1089928,14033382,14033382,9580119,4453263,0,0,14033382,100,468,5,100,8,42,141
Equatorial Guinea,GQ,GNQ,226,AFR,2017,NA,NA,NA,NA,NA,NA,NA,NA,NA,NA,NA,NA,NA,NA,NA,NA,NA,NA,NA,NA,NA,NA,NA,NA,NA,NA,NA,NA,NA,NA,4,5,80,100,120,240,NA
Equatorial Guinea,GQ,GNQ,226,AFR,2018,NA,NA,NA,101000,101000,60000,60000,57000,57000,NA,NA,61000,61000,NA,NA,50000,50000,NA,NA,NA,NA,NA,NA,329000,329000,329000,NA,NA,NA,329000,4,6,80,100,60,120,142
Eritrea,ER,ERI,232,AFR,2017,NA,NA,NA,NA,NA,NA,NA,157354,157354,NA,NA,100846,100846,NA,NA,NA,NA,93600,93600,NA,NA,1324472,1324472,1676272,1676272,NA,1666272,0,10000,1676272,180,240,2,100,14,240,141
Eritrea,ER,ERI,232,AFR,2018,43,3437,NA,313146,489533,NA,NA,81356,81356,234340,265463,54992,54992,234340,299323,5718,7100,48000,56625,15000,15000,95452,95452,1082344,1364844,NA,1364844,NA,NA,1364844,68,12,2,100,30,240,140
Estonia,EE,EST,233,EUR,2017,90,8000,30000,17994,17994,42400,42400,16200,16200,468000,468000,482240,482240,80000,80000,700,700,48500,48500,0,0,12000,12000,1168034,1168034,1168034,NA,NA,NA,1168034,60,120,60,90,60,120,142
Estonia,EE,EST,233,EUR,2018,90,8000,30000,18000,18000,42000,42000,14000,14000,400000,400000,350000,350000,75000,75000,700,700,40763,40763,0,0,10000,10000,950463,950463,950463,NA,NA,NA,950463,80,160,60,90,40,110,142
Eswatini,SZ,SWZ,748,AFR,2017,270,7110,27711,1109255,1109255,2152189,2152189,871020,1727730,452495,1082823,1478880,4349880,791027,857561,143863,569144,0,88408,2331961,2331961,0,0,9330690,14268951,3302926,9281755,NA,1684270,14268951,4,256,5,20,7,30,141
Eswatini,SZ,SWZ,748,AFR,2018,270,7110,27711,1962385,1962385,3413965,3413965,1097092,1097092,812745,812745,2136470,2136470,788746,788746,2696311,2696311,182532,182532,1961971,1961971,NA,NA,15052217,15052217,1738295,5713115,NA,7600807,15052217,4,256,5,20,7,30,141
Ethiopia,ET,ETH,231,AFR,2017,30,4465,NA,13734978,13747691,7750169,7750170,3339508,3339508,9104092,9135070,0,207648,4371148,4371148,5344779,5344779,1297667,1297667,815026,815026,2485531,2487073,48242898,48495780,9626945,20829930,16472740,1566165,48495780,76,270,5,50,10,30,140
Ethiopia,ET,ETH,231,AFR,2018,30,3165,NA,8463638,8864518,7382565,7382626,1667384,1669754,11209645,11534234,2222254,2222556,2213200,2457498,5417321,5424694,483998,1032116,498997,849378,434999,515979,39994001,41953353,10190096,16793725,11025900,3943632,41953353,76,270,5,50,10,30,140
Fiji,FJ,FJI,242,WPR,2017,75,6000,0,NA,NA,NA,NA,NA,NA,NA,NA,NA,NA,NA,NA,NA,NA,NA,NA,NA,NA,NA,NA,NA,NA,NA,NA,NA,NA,NA,6,23,45,100,14,30,142
Fiji,FJ,FJI,242,WPR,2018,70,700,0,NA,NA,750000,750000,27230,27230,250070,250070,700,700,30000,30000,15000,15000,2000,2000,5000,5000,NA,NA,1080000,1080000,726000,314000,NA,40000,1080000,5,6,70,100,14,90,142
Finland,FI,FIN,246,EUR,2017,NA,NA,NA,NA,NA,NA,NA,NA,NA,NA,NA,NA,NA,NA,NA,NA,NA,NA,NA,NA,NA,NA,NA,NA,NA,NA,NA,NA,NA,NA,5,14,80,100,14,45,142
Finland,FI,FIN,246,EUR,2018,NA,NA,NA,NA,NA,NA,NA,NA,NA,NA,NA,NA,NA,NA,NA,NA,NA,NA,NA,NA,NA,NA,NA,NA,NA,NA,NA,NA,NA,NA,5,14,80,100,14,45,142
France,FR,FRA,250,EUR,2017,NA,NA,NA,NA,NA,NA,NA,NA,NA,NA,NA,NA,NA,NA,NA,NA,NA,NA,NA,NA,NA,NA,NA,NA,NA,NA,NA,NA,NA,NA,21,NA,80,99,14,200,142
France,FR,FRA,250,EUR,2018,NA,NA,NA,NA,NA,NA,NA,NA,NA,NA,NA,NA,NA,NA,NA,NA,NA,NA,NA,NA,NA,NA,NA,NA,NA,NA,NA,NA,NA,NA,28,NA,80,NA,14,NA,142
French Polynesia,PF,PYF,258,WPR,2017,NA,NA,NA,NA,NA,NA,NA,NA,NA,NA,NA,NA,NA,NA,NA,NA,NA,NA,NA,NA,NA,NA,NA,NA,NA,NA,NA,NA,NA,NA,5,14,28,2,15,60,142
French Polynesia,PF,PYF,258,WPR,2018,NA,NA,NA,NA,NA,NA,NA,NA,NA,NA,NA,NA,NA,NA,NA,NA,NA,NA,NA,NA,NA,NA,NA,NA,NA,NA,NA,NA,NA,NA,6,14,55,100,14,30,142
Gabon,GA,GAB,266,AFR,2017,NA,NA,NA,NA,NA,NA,NA,NA,NA,NA,NA,NA,NA,NA,NA,NA,NA,NA,NA,NA,NA,NA,NA,NA,NA,NA,NA,NA,NA,NA,64,NA,20,90,21,240,141
Gabon,GA,GAB,266,AFR,2018,75,642,NA,177988,224869,145217,145217,451903,501689,243838,406728,126760,235480,371747,578078,37791,98323,0,472318,0,11222,0,0,1555244,2673924,421711,2252213,0,0,2673924,9,58,20,50,15,180,141
Gambia,GM,GMB,270,AFR,2017,NA,NA,NA,NA,NA,NA,NA,NA,NA,NA,NA,NA,NA,NA,NA,NA,NA,NA,NA,NA,NA,NA,NA,NA,NA,NA,NA,NA,NA,NA,104,336,7,9,56,224,142
Gambia,GM,GMB,270,AFR,2018,NA,NA,NA,NA,NA,NA,NA,NA,NA,NA,NA,NA,NA,NA,NA,NA,NA,NA,NA,NA,NA,NA,NA,NA,NA,NA,NA,NA,NA,NA,104,1152,4,0,56,112,142
Georgia,GE,GEO,268,EUR,2017,NA,NA,NA,894526,1734483,749039,1060490,793,793,1318262,1814292,1077226,1924458,86370,177700,8679,14111,440605,777244,2524180,2524180,4916978,4921068,12016658,14948819,5027546,5705060,69660,4146553,14948819,2585,342,25,80,30,61,142
Georgia,GE,GEO,268,EUR,2018,13,1750,4500,1370621,2520952,859459,1152020,31366,31366,1468636,2154906,513549,619118,82718,118453,8411,12878,374656,616953,661960,661960,4740206,4755563,10111582,12644169,5407079,5312784,120276,1804030,12644169,84,468,25,80,30,60,142
Germany,DE,DEU,276,EUR,2017,NA,NA,NA,NA,NA,NA,NA,NA,NA,NA,NA,NA,NA,NA,NA,NA,NA,NA,NA,NA,NA,NA,NA,NA,NA,NA,NA,NA,NA,NA,NA,NA,NA,NA,NA,NA,141
Germany,DE,DEU,276,EUR,2018,NA,NA,NA,NA,NA,NA,NA,NA,NA,NA,NA,NA,NA,NA,NA,NA,NA,NA,NA,NA,NA,NA,NA,NA,NA,NA,NA,NA,NA,NA,NA,NA,NA,NA,NA,NA,141
Ghana,GH,GHA,288,AFR,2017,38,879,0,7480727,7742489,1513146,2152988,558424,1195036,1129266,2086679,98545,262087,199282,635558,17415,731427,1897256,1897256,10000,10000,680904,711457,13584965,17424977,4159067,13115910,150000,0,17424977,3,22,5,10,14,60,141
Ghana,GH,GHA,288,AFR,2018,22,2200,1500,4212550,4369678,1630266,1640726,219095,219095,790171,790171,678335,678338,152402,152402,21347,21347,117189,117189,10000,10000,964250,964250,8795605,8963196,3011486,5634119,150000,167591,8963196,3,22,5,10,14,60,141
Greece,GR,GRC,300,EUR,2017,NA,NA,NA,NA,NA,NA,NA,NA,NA,NA,NA,NA,NA,NA,NA,NA,NA,NA,NA,NA,NA,NA,NA,NA,NA,NA,NA,NA,NA,NA,NA,NA,NA,NA,NA,NA,NA
Greece,GR,GRC,300,EUR,2018,NA,NA,NA,NA,NA,NA,NA,NA,NA,NA,NA,NA,NA,NA,NA,NA,NA,NA,NA,NA,NA,NA,NA,NA,NA,NA,NA,NA,NA,NA,NA,NA,NA,NA,NA,NA,142
Greenland,GL,GRL,304,EUR,2017,NA,NA,NA,NA,NA,NA,NA,NA,NA,NA,NA,NA,NA,NA,NA,NA,NA,NA,NA,NA,NA,NA,NA,NA,NA,NA,NA,NA,NA,NA,NA,NA,NA,NA,14,NA,2
Greenland,GL,GRL,304,EUR,2018,NA,NA,NA,NA,NA,NA,NA,NA,NA,NA,NA,NA,NA,NA,NA,NA,NA,NA,NA,NA,NA,NA,NA,1320000,NA,NA,NA,NA,NA,NA,NA,NA,NA,NA,14,NA,2
Grenada,GD,GRD,308,AMR,2017,NA,NA,NA,NA,NA,NA,NA,NA,NA,NA,NA,NA,NA,NA,NA,NA,NA,NA,NA,NA,NA,NA,NA,NA,NA,NA,NA,NA,NA,NA,20,NA,100,NA,14,NA,141
Grenada,GD,GRD,308,AMR,2018,NA,NA,NA,NA,NA,NA,NA,NA,NA,NA,NA,NA,NA,NA,NA,NA,NA,NA,NA,NA,NA,NA,NA,NA,NA,NA,NA,NA,NA,NA,20,NA,100,NA,21,NA,141
Guam,GU,GUM,316,WPR,2017,NA,NA,NA,NA,NA,NA,NA,NA,NA,NA,NA,NA,NA,NA,NA,NA,NA,NA,NA,NA,NA,NA,NA,1642543,NA,NA,NA,NA,NA,NA,106,360,10,100,7,30,142
Guam,GU,GUM,316,WPR,2018,NA,NA,NA,NA,NA,NA,NA,NA,NA,NA,NA,NA,NA,NA,NA,NA,NA,NA,NA,NA,NA,NA,NA,1822356,NA,NA,NA,NA,NA,NA,106,360,10,100,7,30,142
Guatemala,GT,GTM,320,AMR,2017,51,1060,11075,303927,366003,1080860,1080860,388565,436604,342528,562195,95690,95690,44637,87004,0,37892,0,135411,0,0,0,0,2256207,2801659,1693487,1108172,NA,NA,2801659,110,360,5,83,30,120,142
Guatemala,GT,GTM,320,AMR,2018,186,233,NA,882252,949664,1400047,1400048,83573,399158,163708,674540,153257,153258,18922,613210,0,9982,0,161458,0,0,0,0,2701759,4361318,2348703,2012615,0,0,4361318,110,360,5,80,30,120,142
Guinea,GN,GIN,324,AFR,2017,30,969,8964,392218,700000,68048,68722,419160,566722,60694,73344,162792,492733,70694,182543,89810,89954,86076,95299,72590,79800,88000,288000,1510082,2637117,785806,1392905,0,458406,2637117,32,270,5,12,38,40,142
Guinea,GN,GIN,324,AFR,2018,30,306,8964,803514,1293514,72184,75184,434280,434280,44200,47989,64457,64457,58442,58442,52900,69564,96000,98000,106432,157800,98000,135000,1830409,2434230,597231,1394727,0,442272,2434230,32,270,5,12,38,40,142
Guinea-Bissau,GW,GNB,624,AFR,2017,57,4129,NA,129219,129953,232807,328650,127436,131651,1047379,1056879,103233,110500,167302,170115,268890,270733,136208,136312,16541,17410,0,5000,2229015,2357203,100000,2247276,NA,9927,2357203,64,288,70,5,60,180,140
Guinea-Bissau,GW,GNB,624,AFR,2018,35,1081,NA,32359,34007,297973,457369,70842,71320,1325881,1370881,60559,62845,24709,37323,37988,47834,54450,56450,0,0,0,0,1904761,2138029,321965,1813564,NA,2500,2138029,64,252,60,2,60,240,141
Guyana,GY,GUY,328,AMR,2017,219,1500,0,6000,59816,322037,508664,79412,170740,154473,164642,6000,29446,5000,76110,12039,72862,18159,34541,3731,3828,0,0,606851,1120649,631939,488710,0,0,1120649,10,26,18,75,7,35,142
Guyana,GY,GUY,328,AMR,2018,198,1401,0,15290,15290,428917,443962,493177,493177,98323,136115,0,29446,25000,25000,60079,103936,14229,20984,14524,37622,5415,6709,1154954,1312241,1006103,306138,0,0,1312241,10,26,20,75,5,21,142
Haiti,HT,HTI,332,AMR,2017,13,747,NA,744465,744465,2450460,2450460,206925,206925,3248436,3248436,91926,91926,1525925,1525925,19314,19314,180650,180650,150000,150000,606811,606811,9224912,9224912,1175897,7464015,NA,585000,9224912,8,20,2,100,30,90,142
Haiti,HT,HTI,332,AMR,2018,40,1117,NA,666079,666079,1477640,1477640,561557,561557,2615903,2615903,105780,105780,662136,662136,13629,13629,66301,66301,NA,NA,NA,NA,6169025,6169025,1175897,4868118,NA,125010,6169025,8,17,5,90,30,90,142
Honduras,HN,HND,340,AMR,2017,44,1875,0,194880,499966,2784859,2784859,41882,41882,34003,40129,96471,226011,77782,77782,347404,956043,152687,220334,0,236207,226793,226793,3956761,5310006,2703575,2494435,0,111996,5310006,114,660,21,100,10,30,142
Honduras,HN,HND,340,AMR,2018,26,1850,0,213627,213627,2506893,2506893,NA,NA,33329,33329,NA,NA,NA,NA,NA,NA,150883,150883,169011,169011,597607,597607,3671350,3671350,2427191,1132049,0,112110,3671350,114,634,21,100,10,30,142
Hungary,HU,HUN,348,EUR,2017,NA,NA,NA,NA,NA,NA,NA,NA,NA,NA,NA,NA,NA,NA,NA,NA,NA,NA,NA,NA,NA,NA,NA,NA,NA,NA,NA,NA,NA,NA,NA,NA,NA,NA,NA,NA,NA
Hungary,HU,HUN,348,EUR,2018,NA,NA,NA,NA,NA,NA,NA,NA,NA,NA,NA,NA,NA,NA,NA,NA,NA,NA,NA,NA,NA,NA,NA,2100000,NA,NA,NA,NA,NA,NA,8,16,60,100,24,60,140
Iceland,IS,ISL,352,EUR,2017,NA,NA,NA,NA,NA,NA,NA,NA,NA,NA,NA,NA,NA,NA,NA,NA,NA,NA,NA,NA,NA,NA,NA,NA,NA,NA,NA,NA,NA,NA,NA,NA,NA,NA,NA,NA,NA
Iceland,IS,ISL,352,EUR,2018,NA,NA,NA,NA,NA,NA,NA,NA,NA,NA,NA,NA,NA,NA,NA,NA,NA,NA,NA,NA,NA,NA,NA,NA,NA,NA,NA,NA,NA,NA,NA,NA,NA,NA,NA,NA,NA
India,IN,IND,356,SEA,2017,35,1500,11000,75474873,75474873,73507305,73507305,64255214,64255214,40817709,40817709,84798101,84798101,50788675,50788675,11393429,11393429,11787968,11787968,6067504,6067504,29467517,29467517,448358295,448358295,277874227,167198354,2285714,1000000,448358295,46,480,1,80,3,7,141
India,IN,IND,356,SEA,2018,30,1800,5000,48003093,48003093,108223951,108223951,29530797,29530797,24910601,24910601,97451630,97451630,16607090,16607090,26557836,26557836,32698172,32698172,5933673,5933673,93245346,93245346,483162189,483162189,324710527,85360000,17330000,55761662,483162189,24,480,1,40,3,7,141
Indonesia,ID,IDN,360,SEA,2017,35,1296,0,14685562,18359644,20969958,22469678,14894065,14894065,18997479,25743514,1119604,1542280,6745392,6745392,1110825,2263667,3735015,6337251,1282127,1484485,1544976,1731265,85085003,101571241,43257778,49296849,9016614,0,101571241,16,644,0,25,0,5,141
Indonesia,ID,IDN,360,SEA,2018,42,1216,NA,25116569,33485627,22691127,23715236,23586804,23587573,12743194,28082185,3822765,3822766,3417445,4479142,1104054,1923348,2341428,3210417,1174483,1632432,0,0,95997869,123938726,70159065,39928671,9923280,3927710,123938726,16,270,0,25,0,5,140
Iran (Islamic Republic of),IR,IRN,364,EMR,2017,143,3074,17305,NA,NA,NA,NA,NA,NA,NA,NA,NA,NA,NA,NA,NA,NA,NA,NA,NA,NA,NA,NA,NA,NA,NA,NA,NA,NA,NA,115,NA,NA,100,NA,60,142
Iran (Islamic Republic of),IR,IRN,364,EMR,2018,83,1827,0,NA,NA,NA,NA,754138,754138,NA,NA,62118,62118,NA,NA,NA,NA,NA,NA,NA,NA,NA,NA,816256,816256,816256,0,0,0,816256,115,313,36,100,12,60,142
Iraq,IQ,IRQ,368,EMR,2017,40,4000,0,1000000,1000000,18000000,18000000,290000,290000,700000,700000,400000,400000,80000,80000,50000,50000,50000,50000,0,0,1000000,1000000,21570000,21570000,19570000,2000000,0,0,21570000,24,24,10,2,7,10,142
Iraq,IQ,IRQ,368,EMR,2018,40,4000,4000,1000000,1000000,18000000,18000000,290000,290000,700000,700000,300000,300000,80000,80000,50000,50000,90000,90000,0,0,900000,900000,21410000,21410000,19910000,1500000,0,0,21410000,24,24,10,2,7,10,142
Ireland,IE,IRL,372,EUR,2017,NA,NA,NA,NA,NA,NA,NA,NA,NA,NA,NA,NA,NA,NA,NA,NA,NA,NA,NA,NA,NA,NA,NA,NA,NA,NA,NA,NA,NA,NA,NA,NA,65,75,6,NA,142
Ireland,IE,IRL,372,EUR,2018,NA,NA,NA,NA,NA,NA,NA,NA,NA,NA,NA,NA,NA,NA,NA,NA,NA,NA,NA,NA,NA,NA,NA,NA,NA,NA,NA,NA,NA,NA,NA,NA,52,83,7,NA,142
Israel,IL,ISR,376,EUR,2017,NA,NA,NA,NA,NA,NA,NA,NA,NA,NA,NA,NA,NA,NA,NA,NA,NA,NA,NA,NA,NA,NA,NA,NA,NA,NA,NA,NA,NA,NA,NA,NA,NA,NA,NA,NA,2
Israel,IL,ISR,376,EUR,2018,NA,NA,NA,NA,NA,NA,NA,NA,NA,NA,NA,NA,NA,NA,NA,NA,NA,NA,NA,NA,NA,NA,NA,NA,NA,NA,NA,NA,NA,NA,NA,NA,NA,NA,NA,NA,2
Italy,IT,ITA,380,EUR,2017,NA,NA,NA,NA,NA,NA,NA,NA,NA,NA,NA,NA,NA,NA,NA,NA,NA,NA,NA,NA,NA,NA,NA,NA,NA,NA,NA,NA,NA,NA,NA,NA,NA,NA,NA,NA,NA
Italy,IT,ITA,380,EUR,2018,NA,NA,NA,NA,NA,NA,NA,NA,NA,NA,NA,NA,NA,NA,NA,NA,NA,NA,NA,NA,NA,NA,NA,NA,NA,NA,NA,NA,NA,NA,NA,NA,NA,NA,NA,NA,NA
Jamaica,JM,JAM,388,AMR,2017,218,0,0,NA,NA,NA,NA,NA,NA,NA,NA,0,NA,NA,NA,NA,NA,NA,NA,NA,NA,NA,NA,0,NA,NA,0,0,NA,0,NA,NA,NA,NA,NA,NA,NA
Jamaica,JM,JAM,388,AMR,2018,282,0,0,NA,NA,NA,NA,22184,22184,NA,NA,NA,NA,NA,NA,NA,NA,NA,NA,NA,NA,NA,NA,22184,22184,22184,0,0,0,22184,5,9,100,0,60,0,2
Japan,JP,JPN,392,WPR,2017,NA,NA,NA,NA,NA,NA,NA,NA,NA,NA,NA,NA,NA,NA,NA,NA,NA,NA,NA,NA,NA,NA,NA,42600000,NA,NA,NA,NA,NA,NA,8,90,55,80,61,130,141
Japan,JP,JPN,392,WPR,2018,NA,NA,NA,NA,NA,NA,NA,NA,NA,NA,NA,NA,NA,NA,NA,NA,NA,NA,NA,NA,NA,NA,NA,NA,NA,NA,NA,NA,NA,NA,NA,NA,NA,NA,NA,NA,NA
Jordan,JO,JOR,400,EMR,2017,365,1000,2000,69000,69000,1150000,1152000,196005,200000,110000,110000,45000,45000,100000,100000,15000,15750,18000,20000,2000,2000,10000,10000,1715005,1723750,1460000,248750,0,15000,1723750,84,260,19,100,30,240,141
Jordan,JO,JOR,400,EMR,2018,150,10750,3000,140000,140000,1300000,1300000,63700,63700,150000,150000,10750,10750,15000,15000,18000,18000,15000,15000,0,0,50000,50000,1762450,1762450,1609500,137950,0,15000,1762450,75,225,12,100,45,240,140
Kazakhstan,KZ,KAZ,398,EUR,2017,85,4557,3903,2601703,2601703,89751220,89751220,850000,850000,910596,910596,26605500,26605500,5723747,5723747,780511,780511,2601703,2601703,260170,260170,NA,NA,130085150,130085150,117299985,10666287,0,2118878,130085150,144,538,80,83,79,132,2
Kazakhstan,KZ,KAZ,398,EUR,2018,123,3138,2881,2372849,2372849,36397886,36397886,1235506,1235506,818992,818992,22047675,22047675,52340299,52340299,610881,610881,4627868,4627868,0,0,17942318,17942318,138394274,138394274,129553638,6267785,265853,2306998,138394274,96,408,75,85,75,129,2
Kenya,KE,KEN,404,AFR,2017,20,2350,3500,1451654,1451654,11759650,11759650,1874136,1874136,1969674,1969674,925900,925900,1268667,1268667,1484088,1484088,22799,22799,839093,839093,5208470,5208470,26804131,26804131,12916437,13835149,52545,NA,26804131,10,600,15,25,20,60,141
Kenya,KE,KEN,404,AFR,2018,22,3000,5000,1439814,1439814,14249128,14249128,2160461,2160461,2489164,2489164,1014794,1014794,671978,671978,659797,659797,35153,35153,86174,86174,3469397,3469397,26275860,26275860,15411557,6513419,4350884,NA,26275860,16,600,15,25,20,60,141
Kiribati,KI,KIR,296,WPR,2017,95,0,0,26000,26000,80552,90000,36000,36000,0,0,0,0,0,0,0,0,0,0,20,20,47416,47740,189988,199760,0,104280,0,95480,199760,391,3,48,100,60,365,140
Kiribati,KI,KIR,296,WPR,2018,97,2816,NA,40698,40698,214160,214160,33347,33347,12505,12505,11266,11266,NA,NA,80533,80533,695,695,NA,NA,63492,63492,456696,456696,NA,148474,NA,308222,456696,3,1,70,100,21,168,140
Kuwait,KW,KWT,414,EMR,2017,NA,NA,NA,NA,NA,NA,NA,NA,NA,NA,NA,NA,NA,NA,NA,NA,NA,NA,NA,NA,NA,NA,NA,8495000,NA,NA,NA,NA,NA,NA,8,24,34,100,52,84,142
Kuwait,KW,KWT,414,EMR,2018,NA,NA,NA,NA,NA,NA,NA,NA,NA,NA,NA,NA,NA,NA,NA,NA,NA,NA,NA,NA,NA,NA,NA,7775000,NA,NA,NA,NA,NA,NA,8,24,35,100,49,65,142
Kyrgyzstan,KG,KGZ,417,EUR,2017,68,3525,5949,1559795,1559795,6236263,6236263,1012269,1012269,4812021,4812021,4760336,4760336,1421000,1421000,4976,4976,802495,802495,12488,12488,4066709,4066709,24688352,24688352,11718895,7476973,4444064,1048420,24688352,184,520,82,90,67,103,142
Kyrgyzstan,KG,KGZ,417,EUR,2018,56,1250,4552,805591,1258373,45015,117266,0,0,44946,44946,2893964,3679638,9668,163521,888,12932,78125,216272,0,0,2233528,6078320,6111725,11571268,124585,5356734,5760102,329847,11571268,112,560,69,77,56,90,142
Lao People's Democratic Republic,LA,LAO,418,WPR,2017,37,1965,0,622228,622228,519776,519776,0,0,933537,933537,0,0,27971,27971,20171,20171,238341,238341,0,0,224863,224863,2586887,2586887,0,2586887,0,0,2586887,64,270,10,100,15,270,140
Lao People's Democratic Republic,LA,LAO,418,WPR,2018,24,1000,1250,803790,889214,399389,578998,117383,160137,700757,1323287,44000,75000,3980,6566,42699,42699,119532,145686,20000,20000,323604,336079,2575134,3577666,586586,2991080,0,0,3577666,64,270,10,100,15,270,142
Latvia,LV,LVA,428,EUR,2017,NA,NA,NA,NA,NA,NA,NA,158406,158406,NA,NA,2027421,2027421,NA,NA,NA,NA,NA,NA,NA,NA,NA,NA,2185827,2185827,2185827,NA,NA,NA,2185827,180,536,98,100,40,90,142
Latvia,LV,LVA,428,EUR,2018,NA,NA,NA,NA,NA,NA,NA,130078,130078,2086427,2086427,NA,NA,NA,NA,NA,NA,NA,NA,NA,NA,NA,NA,2216505,2216505,2216505,NA,NA,NA,2216505,180,492,95,100,40,80,142
Lebanon,LB,LBN,422,EMR,2017,28,1542,4686,197447,197447,741648,741648,17696,17696,15857,15857,15540,15540,28739,28739,0,0,22785,22785,5760,5760,0,0,1045472,1045472,331436,714036,0,0,1045472,96,348,27,100,30,180,140
Lebanon,LB,LBN,422,EMR,2018,28,1542,4686,71800,71800,720600,720600,31035,31035,35360,35360,71700,71700,100000,100000,5000,5000,289361,289361,400000,400000,0,0,1724856,1724856,450713,874143,0,400000,1724856,27,93,28,80,30,180,141
Lesotho,LS,LSO,426,AFR,2017,NA,NA,NA,0,6666,170000,270198,658000,658000,300000,337197,792000,792000,332000,332000,562471,562471,450000,450000,490220,2281220,0,1000000,3754691,6689752,1453281,4236471,NA,1000000,6689752,6,20,NA,NA,NA,NA,140
Lesotho,LS,LSO,426,AFR,2018,121,3485,NA,55760,999645,300350,342643,859650,859650,350066,553656,648304,648304,25000,25000,54014,54014,38073,323902,99591,145677,NA,NA,2430808,3952491,859650,964478,0,2128363,3952491,6,18,7,91,60,30,141
Liberia,LR,LBR,430,AFR,2017,43,1446,NA,NA,NA,NA,NA,NA,NA,NA,NA,NA,NA,NA,NA,NA,NA,NA,NA,NA,NA,NA,NA,NA,NA,NA,NA,NA,NA,NA,12,0,2,100,120,180,141
Liberia,LR,LBR,430,AFR,2018,25,1361,NA,49532,49532,305994,305994,195600,195600,NA,NA,72133,72133,NA,NA,516896,516896,NA,NA,NA,NA,319000,319000,1459155,1459155,NA,1459155,NA,NA,1459155,15,18,3,100,52,200,140
Libya,LY,LBY,434,EMR,2017,NA,NA,NA,NA,NA,NA,NA,NA,NA,NA,NA,NA,NA,NA,NA,NA,NA,NA,NA,NA,NA,NA,NA,NA,NA,NA,NA,NA,NA,NA,32,NA,50,NA,26,NA,NA
Libya,LY,LBY,434,EMR,2018,NA,NA,NA,NA,NA,NA,NA,NA,NA,NA,NA,NA,NA,NA,NA,NA,NA,NA,NA,NA,NA,NA,NA,NA,NA,NA,NA,NA,NA,NA,NA,NA,NA,NA,NA,NA,NA
Lithuania,LT,LTU,440,EUR,2017,NA,NA,NA,NA,NA,NA,NA,NA,NA,NA,NA,NA,NA,NA,NA,NA,NA,NA,NA,NA,NA,NA,NA,NA,NA,NA,NA,NA,NA,NA,64,378,80,100,60,420,140
Lithuania,LT,LTU,440,EUR,2018,NA,NA,NA,NA,NA,NA,NA,NA,NA,NA,NA,NA,NA,NA,NA,NA,NA,NA,NA,NA,NA,NA,NA,NA,NA,NA,NA,NA,NA,NA,66,378,80,100,60,330,140
Luxembourg,LU,LUX,442,EUR,2017,NA,NA,NA,NA,NA,NA,NA,NA,NA,NA,NA,NA,NA,NA,NA,NA,NA,NA,NA,NA,NA,NA,NA,NA,NA,NA,NA,NA,NA,NA,NA,NA,50,NA,NA,NA,142
Luxembourg,LU,LUX,442,EUR,2018,NA,NA,NA,NA,NA,NA,NA,NA,NA,NA,NA,NA,NA,NA,NA,NA,NA,NA,NA,NA,NA,NA,NA,NA,NA,NA,NA,NA,NA,NA,NA,NA,80,100,NA,NA,142
Madagascar,MG,MDG,450,AFR,2017,20,1126,0,NA,NA,106400,106400,NA,NA,2045379,2556700,20268,61469,141285,171995,NA,NA,NA,NA,NA,NA,NA,NA,2313332,2896564,32268,2864296,NA,NA,2896564,60,NA,2,NA,7,NA,142
Madagascar,MG,MDG,450,AFR,2018,26,1700,0,181625,198941,314518,362239,1072341,1072341,24051,79486,15705,15705,9663,18895,18106,27191,138597,170735,100914,197663,710302,737264,2585822,2880460,0,2880460,0,0,2880460,70,140,10,100,7,140,142
Malawi,MW,MWI,454,AFR,2017,30,1630,NA,3202214,7898233,271948,527406,495212,1190436,3051643,4578021,96119,366784,352675,1588898,412894,420038,35995,198696,4208,156350,5739924,9773901,13662832,26698763,1550674,19668334,3828932,1650823,26698763,8,24,2,10,10,15,140
Malawi,MW,MWI,454,AFR,2018,32,1863,NA,3075275,3717675,538128,638708,674481,674481,2160355,2519269,362972,398285,207164,737458,1091437,1222497,93761,153212,211422,356986,2686207,3029544,11101202,13448115,1980378,4509016,4784356,2174365,13448115,8,24,2,10,10,15,141
Malaysia,MY,MYS,458,WPR,2017,70,2000,45000,650000,650000,10286000,10286000,1900000,1900000,1000500,1000500,194000,194000,1000000,1000000,NA,NA,80575,80575,NA,NA,NA,NA,15111075,15111075,15111075,NA,NA,NA,15111075,120,360,20,100,7,14,142
Malaysia,MY,MYS,458,WPR,2018,70,2000,45000,650000,650000,10286000,10286000,1808590,1808590,1000500,1000500,274000,274000,1000000,1000000,NA,NA,125000,125000,NA,NA,NA,NA,15144090,15144090,15144090,NA,NA,NA,15144090,76,200,20,100,7,14,142
Maldives,MV,MDV,462,SEA,2017,NA,NA,NA,NA,NA,NA,NA,NA,NA,NA,NA,NA,NA,NA,NA,NA,NA,NA,NA,NA,NA,NA,NA,200361,NA,NA,NA,NA,NA,NA,181,600,25,100,0,30,142
Maldives,MV,MDV,462,SEA,2018,NA,NA,NA,NA,NA,NA,NA,NA,NA,NA,NA,NA,NA,NA,NA,NA,NA,NA,NA,NA,NA,NA,NA,216374,NA,NA,NA,NA,NA,NA,181,600,25,100,0,30,142
Mali,ML,MLI,466,AFR,2017,141,4085,8219,490616,873672,703141,1128885,989886,989886,542203,1674407,138903,148005,56149,186278,12812,13478,31683,51107,41166,41167,153519,172610,3160078,5279495,1177881,4091614,NA,10000,5279495,12,120,0,100,0,120,142
Mali,ML,MLI,466,AFR,2018,95,3636,0,873672,886224,359166,424986,672980,672980,2158048,2158048,109080,109080,19375,108442,44052,136755,33035,70827,5690,29408,153519,154417,4428617,4751167,785547,3962620,NA,3000,4751167,12,120,0,100,0,120,142
Malta,MT,MLT,470,EUR,2017,NA,NA,NA,NA,NA,NA,NA,NA,NA,NA,NA,NA,NA,NA,NA,NA,NA,NA,NA,NA,NA,NA,NA,NA,NA,NA,NA,NA,NA,NA,NA,NA,NA,100,NA,NA,142
Malta,MT,MLT,470,EUR,2018,NA,NA,NA,NA,NA,NA,NA,NA,NA,NA,NA,NA,NA,NA,NA,NA,NA,NA,NA,NA,NA,NA,NA,NA,NA,NA,NA,NA,NA,NA,NA,NA,NA,100,NA,NA,142
Marshall Islands,MH,MHL,584,WPR,2017,NA,NA,NA,NA,NA,NA,NA,NA,NA,NA,NA,NA,NA,NA,NA,NA,NA,NA,NA,NA,NA,NA,NA,NA,NA,NA,NA,NA,NA,NA,5,10,30,100,30,180,142
Marshall Islands,MH,MHL,584,WPR,2018,NA,NA,NA,NA,NA,307449,307449,150000,150000,150000,150000,180000,180000,180000,180000,NA,NA,NA,NA,NA,NA,787499,787499,1754948,1754948,1391873,133702,NA,229373,1754948,180,720,100,100,14,720,140
Mauritania,MR,MRT,478,AFR,2017,37,837,9437,NA,444537,65137,65137,91667,91667,NA,289050,NA,53889,NA,140240,NA,NA,NA,55372,NA,31712,NA,NA,156804,1171604,NA,1171604,0,NA,1171604,8,17,NA,NA,NA,NA,2
Mauritania,MR,MRT,478,AFR,2018,28,920,2790,22000,22000,68000,68000,67536,85000,60000,60000,21160,25000,20000,25000,0,0,0,0,0,0,0,397456,258696,682456,76844,605612,0,0,682456,7,20,2,13,5,14,142
Mauritius,MU,MUS,480,AFR,2017,NA,NA,NA,NA,NA,NA,NA,NA,NA,NA,NA,NA,NA,NA,NA,NA,NA,NA,NA,NA,NA,NA,NA,NA,NA,NA,NA,NA,NA,NA,6,18,95,100,30,180,2
Mauritius,MU,MUS,480,AFR,2018,NA,NA,NA,NA,NA,NA,NA,NA,NA,NA,NA,NA,NA,NA,NA,NA,NA,NA,NA,NA,NA,NA,NA,NA,NA,NA,NA,NA,NA,NA,6,18,95,100,30,180,2
Mexico,MX,MEX,484,AMR,2017,101,1153,3359,3381345,3381345,8041582,8041582,2381884,2381884,1656109,1656109,243007,243007,0,0,0,0,46798,46798,2957,2957,82750,82750,15836432,15836432,15836432,0,0,0,15836432,105,624,7,20,6,30,141
Mexico,MX,MEX,484,AMR,2018,75,890,13881,3931889,3931889,4720586,4720586,1799553,1799553,1209810,1209810,321288,321288,0,0,0,0,32904,32904,16637,16637,101873,101873,12134540,12134540,12134540,0,0,0,12134540,105,624,7,20,6,30,141
Micronesia (Federated States of),FM,FSM,583,WPR,2017,85,0,0,106515,135262,297207,323486,19420,25000,206754,209720,0,0,0,0,2400,2400,0,0,0,0,0,0,632296,695868,0,83372,587496,25000,695868,NA,NA,NA,NA,3,2,141
Micronesia (Federated States of),FM,FSM,583,WPR,2018,NA,NA,NA,NA,NA,NA,NA,NA,NA,NA,NA,NA,NA,NA,NA,NA,NA,NA,NA,NA,NA,NA,NA,NA,NA,NA,NA,NA,NA,NA,NA,NA,NA,NA,NA,NA,141
Monaco,MC,MCO,492,EUR,2017,NA,NA,NA,NA,NA,NA,NA,NA,NA,NA,NA,NA,NA,NA,NA,NA,NA,NA,NA,NA,NA,NA,NA,NA,NA,NA,NA,NA,NA,NA,NA,NA,NA,NA,NA,NA,NA
Monaco,MC,MCO,492,EUR,2018,NA,NA,NA,NA,NA,NA,NA,NA,NA,NA,NA,NA,NA,NA,NA,NA,NA,NA,NA,NA,NA,NA,NA,NA,NA,NA,NA,NA,NA,NA,NA,NA,NA,NA,NA,NA,NA
Mongolia,MN,MNG,496,WPR,2017,69,2500,18000,648650,648650,2331280,2331280,305049,305049,69978,69978,567500,567500,83124,83124,9959,9959,41580,41580,40070,40070,187380,187380,4284570,4284570,2578355,1706215,0,0,4284570,146,393,47,72,35,86,142
Mongolia,MN,MNG,496,WPR,2018,119,2610,18000,441194,441194,2867000,2867000,500000,500000,118630,118630,542131,542131,268558,268558,19645,19645,43108,43108,15451,15451,1137860,1137860,5953577,5953577,3267000,2686577,0,0,5953577,146,393,48,72,35,86,142
Montenegro,ME,MNE,499,EUR,2017,NA,NA,NA,NA,NA,NA,NA,NA,NA,NA,NA,NA,NA,NA,NA,NA,NA,NA,NA,NA,NA,NA,NA,58000,NA,NA,NA,NA,NA,NA,NA,NA,90,100,72,175,141
Montenegro,ME,MNE,499,EUR,2018,NA,NA,NA,NA,NA,NA,NA,NA,NA,NA,NA,NA,NA,NA,NA,NA,NA,NA,NA,NA,NA,NA,NA,58000,NA,NA,NA,NA,NA,NA,64,180,90,100,72,175,141
Montserrat,MS,MSR,500,AMR,2017,NA,NA,NA,NA,NA,NA,NA,NA,NA,NA,NA,NA,NA,NA,NA,NA,NA,NA,NA,NA,NA,NA,NA,NA,NA,NA,NA,NA,NA,NA,NA,NA,NA,NA,NA,NA,NA
Montserrat,MS,MSR,500,AMR,2018,NA,NA,NA,NA,NA,NA,NA,NA,NA,NA,NA,NA,NA,NA,NA,NA,NA,NA,NA,NA,NA,NA,NA,0,NA,NA,NA,NA,NA,NA,64,NA,100,NA,14,NA,140
Morocco,MA,MAR,504,EMR,2017,52,970,6670,582000,582000,8601000,8601000,3850000,3850000,533500,533500,1128800,1128800,25000,25000,40800,56800,0,20000,23800,23800,1562000,1562000,16346900,16382900,15297400,1056000,0,29500,16382900,28,47,5,30,10,60,142
Morocco,MA,MAR,504,EMR,2018,62,1700,8800,413367,543185,10963408,10965614,1947169,1947169,461904,703920,486200,486200,24080,76002,55731,61398,0,36960,0,0,0,0,14351859,14820448,13761290,1028158,0,31000,14820448,28,81,5,30,10,90,142
Mozambique,MZ,MOZ,508,AFR,2017,29,3210,3210,5783830,5783830,1361600,1361600,2387952,2387952,1505657,1505657,2869740,2869740,1000000,1000000,3550293,3550293,0,0,0,0,0,0,18459072,18459072,1361600,14176960,NA,2920512,18459072,56,192,10,25,15,60,142
Mozambique,MZ,MOZ,508,AFR,2018,29,3037,3037,4468044,4468044,1600860,1600860,3009407,3009407,4176000,4176000,2238200,2238200,1908700,1908700,5947523,5947523,375000,375000,1462672,1462672,1711501,1711501,26897907,26897907,5911817,14114831,2552711,4318548,26897907,56,208,10,25,15,60,141
Myanmar,MM,MMR,104,SEA,2017,20,1100,9230,4796360,4796360,997733,997733,2640500,2640500,834240,834240,2932600,2932600,619296,619296,58920,58920,2607005,2607005,521549,521549,19953806,19953806,35962009,35962009,2225919,27434187,4000000,2301903,35962009,4,20,5,20,6,28,141
Myanmar,MM,MMR,104,SEA,2018,20,1100,9230,2377517,2377517,4575966,4575966,2623289,2623289,6999498,6999498,954286,954286,1823027,1823027,61479,61479,2703306,2703306,459783,459783,16294496,16294496,38872647,38872647,1793979,23281134,8000000,5797534,38872647,7,22,4,20,8,40,141
Namibia,NA,NAM,516,AFR,2017,55,6618,NA,NA,NA,8468980,8468980,534034,534034,26369057,26369057,2713380,2713380,NA,NA,317000,317000,5250000,5250000,5507000,5507000,NA,NA,49159451,49159451,43335451,5507000,317000,NA,49159451,28,30,20,80,10,240,141
Namibia,NA,NAM,516,AFR,2018,NA,NA,NA,1925384,1925384,8286571,8286571,534034,534034,4334643,4334643,1129087,1129087,80600,80600,2762051,2762051,448930,448930,570588,570588,NA,NA,20071888,20071888,16658699,3332589,80600,NA,20071888,24,190,20,80,10,180,141
Nauru,NR,NRU,520,WPR,2017,NA,NA,NA,NA,NA,NA,NA,NA,NA,NA,NA,NA,NA,NA,NA,NA,NA,NA,NA,NA,NA,NA,NA,34000,NA,NA,NA,NA,NA,NA,0,0,100,0,60,0,2
Nauru,NR,NRU,520,WPR,2018,NA,NA,NA,NA,NA,NA,NA,NA,NA,NA,NA,NA,NA,NA,NA,NA,NA,NA,NA,NA,NA,NA,NA,2800,NA,NA,NA,NA,NA,NA,64,0,100,0,60,0,142
Nepal,NP,NPL,524,SEA,2017,NA,NA,NA,370165,767228,856877,856877,1434008,1780488,3345162,5142562,98022,130772,751222,1005092,131162,243538,192007,347176,389526,1046571,0,0,7568151,11320304,8014096,3139632,166576,0,11320304,68,500,4,15,12,20,141
Nepal,NP,NPL,524,SEA,2018,27,1292,3382,4266364,5504846,952178,988502,22970,933482,4155539,6495575,1007399,1024993,411063,440664,64372,76435,391657,621148,1301761,1746043,0,0,12573303,17831688,9782876,7996910,0,51902,17831688,68,500,4,15,12,20,140
Netherlands,NL,NLD,528,EUR,2017,NA,NA,NA,NA,NA,NA,NA,NA,NA,NA,NA,NA,NA,NA,NA,NA,NA,NA,NA,NA,NA,NA,NA,33000000,NA,NA,NA,NA,NA,NA,NA,NA,30,100,NA,90,142
Netherlands,NL,NLD,528,EUR,2018,NA,NA,NA,NA,NA,NA,NA,NA,NA,NA,NA,NA,NA,NA,NA,NA,NA,NA,NA,NA,NA,NA,NA,33000000,NA,NA,NA,NA,NA,NA,NA,NA,30,100,NA,90,142
New Caledonia,NC,NCL,540,WPR,2017,NA,NA,NA,NA,NA,NA,NA,NA,NA,NA,NA,NA,NA,NA,NA,NA,NA,NA,NA,NA,NA,NA,NA,NA,NA,NA,NA,NA,NA,NA,NA,NA,NA,NA,NA,NA,142
New Caledonia,NC,NCL,540,WPR,2018,NA,NA,NA,NA,NA,NA,NA,NA,NA,NA,NA,NA,NA,NA,NA,NA,NA,NA,NA,NA,NA,NA,NA,NA,NA,NA,NA,NA,NA,NA,NA,NA,NA,NA,NA,NA,142
New Zealand,NZ,NZL,554,WPR,2017,NA,NA,NA,NA,NA,NA,NA,NA,NA,NA,NA,NA,NA,NA,NA,NA,NA,NA,NA,NA,NA,NA,NA,NA,NA,NA,NA,NA,NA,NA,NA,NA,NA,NA,NA,NA,NA
New Zealand,NZ,NZL,554,WPR,2018,NA,NA,NA,NA,NA,NA,NA,NA,NA,NA,NA,NA,NA,NA,NA,NA,NA,NA,NA,NA,NA,NA,NA,NA,NA,NA,NA,NA,NA,NA,NA,NA,NA,NA,NA,NA,NA
Nicaragua,NI,NIC,558,AMR,2017,NA,NA,NA,NA,NA,NA,NA,NA,NA,NA,NA,NA,NA,NA,NA,NA,NA,NA,NA,NA,NA,NA,NA,NA,NA,NA,NA,NA,NA,NA,180,720,0,0,0,0,142
Nicaragua,NI,NIC,558,AMR,2018,22,1558,4931,859000,869070,1210048,1300000,48092,84952,2329016,3786061,43624,285924,595545,2524041,110200,117324,84700,86907,83200,86907,0,0,5363425,9141186,6594674,2307969,0,238543,9141186,180,720,5,10,7,15,141
Niger,NE,NER,562,AFR,2017,NA,NA,NA,NA,NA,NA,NA,NA,NA,NA,NA,NA,NA,NA,NA,NA,NA,NA,NA,NA,NA,NA,NA,NA,NA,NA,NA,NA,NA,NA,NA,270,NA,10,NA,135,142
Niger,NE,NER,562,AFR,2018,60,545,NA,6422560,6422560,341478,341478,NA,NA,NA,NA,NA,NA,NA,NA,NA,NA,NA,NA,NA,NA,NA,NA,6764038,6764038,NA,3274778,NA,3489260,6764038,6,270,NA,10,NA,135,142
Nigeria,NG,NGA,566,AFR,2017,37,2767,22574,19079543,19716562,30417902,30417902,11577459,12577465,3006426,3659375,2943991,2943991,3808615,4808618,1376296,3826296,2639672,3339672,580900,580900,24688948,30145948,100119752,112016729,32285669,64731060,15000000,0,112016729,18,211,2,34,14,120,141
Nigeria,NG,NGA,566,AFR,2018,19,518,5138,10991305,11612162,32069236,32471700,1757961,2058379,11361832,12019375,4786319,4880764,7162641,7162641,4850000,5000000,3140054,3164133,0,0,9757251,11453981,85876599,89823135,31640124,36183011,22000000,0,89823135,10,134,2,30,7,120,141
Niue,NU,NIU,570,WPR,2017,NA,NA,NA,NA,NA,NA,NA,NA,NA,NA,NA,NA,NA,NA,NA,NA,NA,NA,NA,NA,NA,NA,NA,168,NA,NA,NA,NA,NA,NA,0,0,1,0,5,0,140
Niue,NU,NIU,570,WPR,2018,NA,NA,NA,NA,NA,NA,NA,NA,NA,NA,NA,NA,NA,NA,NA,NA,NA,NA,NA,NA,NA,NA,NA,2250,NA,NA,NA,NA,NA,NA,68,0,100,0,14,0,2
North Macedonia,MK,MKD,807,EUR,2017,NA,NA,NA,NA,NA,NA,NA,NA,NA,NA,NA,NA,NA,NA,NA,NA,NA,NA,NA,NA,NA,NA,NA,NA,NA,NA,NA,NA,NA,NA,41,180,60,100,35,120,142
North Macedonia,MK,MKD,807,EUR,2018,NA,NA,NA,NA,NA,NA,NA,NA,NA,NA,NA,NA,NA,NA,NA,NA,NA,NA,NA,NA,NA,NA,NA,NA,NA,NA,NA,NA,NA,NA,45,180,70,100,37,100,141
Northern Mariana Islands,MP,MNP,580,WPR,2017,NA,NA,NA,NA,NA,NA,NA,NA,NA,NA,NA,NA,NA,NA,NA,NA,NA,NA,NA,NA,NA,NA,NA,353184,NA,NA,NA,NA,NA,NA,36,0,28,0,14,0,140
Northern Mariana Islands,MP,MNP,580,WPR,2018,NA,NA,NA,NA,NA,NA,NA,NA,NA,NA,NA,NA,NA,NA,NA,NA,NA,NA,NA,NA,NA,NA,NA,253184,NA,NA,NA,NA,NA,NA,47,0,15,1,16,0,140
Norway,NO,NOR,578,EUR,2017,NA,NA,NA,NA,NA,NA,NA,NA,NA,NA,NA,NA,NA,NA,NA,NA,NA,NA,NA,NA,NA,NA,NA,NA,NA,NA,NA,NA,NA,NA,NA,NA,NA,NA,NA,NA,NA
Norway,NO,NOR,578,EUR,2018,NA,NA,NA,NA,NA,NA,NA,NA,NA,NA,NA,NA,NA,NA,NA,NA,NA,NA,NA,NA,NA,NA,NA,NA,NA,NA,NA,NA,NA,NA,76,176,80,100,14,28,142
Oman,OM,OMN,512,EMR,2017,NA,NA,NA,NA,NA,NA,NA,NA,NA,NA,NA,NA,NA,NA,NA,NA,NA,NA,NA,NA,NA,NA,NA,NA,NA,NA,NA,NA,NA,NA,10,20,100,100,60,180,142
Oman,OM,OMN,512,EMR,2018,NA,NA,NA,NA,NA,NA,NA,NA,NA,NA,NA,NA,NA,NA,NA,NA,NA,NA,NA,NA,NA,NA,NA,NA,NA,NA,NA,NA,NA,NA,10,20,100,100,60,180,142
Pakistan,PK,PAK,586,EMR,2017,30,4600,11000,25253591,27609166,9849987,10819996,11877442,13755425,8974359,9195448,5653616,6116228,1575431,1582017,75283,81444,2001622,2145160,665915,668003,5952830,6227544,71880076,78200431,3141466,75058965,0,0,78200431,4,25,5,22,15,15,142
Pakistan,PK,PAK,586,EMR,2018,30,4600,11000,15786890,18019918,13441706,14591673,12930293,13575077,11310189,12112974,3337836,3521108,901947,1098900,53503,56441,1601820,1702239,79794,93724,9764556,11431539,69208534,76203593,3860302,72117548,0,225743,76203593,4,25,5,16,15,15,142
Palau,PW,PLW,585,WPR,2017,NA,NA,NA,NA,NA,NA,NA,NA,NA,NA,NA,NA,NA,NA,NA,NA,NA,NA,NA,NA,NA,NA,NA,160210,NA,NA,NA,NA,NA,NA,16,24,90,100,30,160,140
Palau,PW,PLW,585,WPR,2018,NA,NA,NA,NA,NA,NA,NA,NA,NA,NA,NA,NA,NA,NA,NA,NA,NA,NA,NA,NA,NA,NA,NA,135000,NA,NA,NA,NA,NA,NA,14,20,100,100,14,30,140
Panama,PA,PAN,591,AMR,2017,243,5873,0,57755,57755,NA,NA,1301432,1301432,0,0,471668,471668,0,0,48585,48585,0,0,0,0,0,0,1879440,1879440,994737,884703,NA,NA,1879440,180,624,10,15,5,30,142
Panama,PA,PAN,591,AMR,2018,NA,NA,NA,NA,NA,NA,NA,NA,NA,NA,NA,NA,NA,NA,NA,NA,NA,NA,NA,NA,NA,NA,NA,NA,NA,NA,NA,NA,NA,NA,180,624,10,15,5,30,142
Papua New Guinea,PG,PNG,598,WPR,2017,35,2096,NA,200000,200000,445761,445761,1051910,1051910,8500000,8500000,880128,880128,2000000,2000000,500000,500000,500000,500000,200000,200000,0,0,14277799,14277799,6377799,2000000,45000,5855000,14277799,2,12,5,100,14,90,141
Papua New Guinea,PG,PNG,598,WPR,2018,35,2096,NA,NA,NA,NA,NA,NA,NA,NA,NA,NA,NA,NA,NA,NA,NA,NA,NA,NA,NA,NA,NA,NA,NA,NA,NA,NA,NA,NA,NA,NA,NA,NA,NA,NA,142
Paraguay,PY,PRY,600,AMR,2017,46,5150,0,946238,1058822,1824344,1840085,127541,127541,990802,999730,46354,46354,78157,78157,8581,8581,284518,284518,24632,24632,0,0,4331167,4468420,2294217,2020779,0,153424,4468420,156,546,10,100,30,90,142
Paraguay,PY,PRY,600,AMR,2018,37,1213,0,924854,924854,2122298,2128799,100602,100602,1247587,1247587,19413,19413,39940,39940,44907,44907,196779,232081,50323,50323,63876,80462,4810579,4868968,3276094,1540369,0,52505,4868968,156,300,10,100,30,60,142
Peru,PE,PER,604,AMR,2017,50,1226,54000,25920332,30981658,4108037,4108037,1575900,1650000,10539286,11093986,2030256,2100000,8080119,8505389,1609153,1749079,17480641,19894547,0,0,0,0,71343724,80082696,71426091,8656605,0,0,80082696,104,600,2,21,15,75,141
Peru,PE,PER,604,AMR,2018,60,1477,5100,18482131,22183045,4543069,4681320,929170,1002727,16827952,17132408,3716682,4010908,67311806,68529630,4322790,4322790,16337607,19612352,0,0,0,0,132471207,141475180,132939846,8535334,0,0,141475180,211,600,9,35,11,126,141
Philippines,PH,PHL,608,WPR,2017,21,6630,7958,9464867,9727792,6888880,7621750,8320382,8405068,1506133,2820608,6309969,6947276,170742,224403,1424812,1510138,NA,NA,644000,644000,17067720,18817389,51797505,56718424,20617589,34482107,1618728,NA,56718424,62,435,3,1,5,10,142
Philippines,PH,PHL,608,WPR,2018,21,6630,7958,10422820,23937747,6413890,7520042,NA,10806000,5299398,8192666,9804958,13604541,NA,NA,333600,342000,2959026,3175753,326962,358835,2670154,3552181,38230808,71489765,28882220,42607545,NA,NA,71489765,62,270,3,1,5,10,142
Poland,PL,POL,616,EUR,2017,NA,NA,NA,NA,NA,NA,NA,NA,NA,NA,NA,NA,NA,NA,NA,NA,NA,NA,NA,NA,NA,NA,NA,NA,NA,NA,NA,NA,NA,NA,NA,NA,NA,NA,NA,NA,NA
Poland,PL,POL,616,EUR,2018,NA,NA,NA,NA,NA,NA,NA,NA,NA,NA,NA,NA,NA,NA,NA,NA,NA,NA,NA,NA,NA,NA,NA,NA,NA,NA,NA,NA,NA,NA,NA,NA,NA,NA,NA,NA,NA
Portugal,PT,PRT,620,EUR,2017,NA,NA,NA,NA,NA,NA,NA,NA,NA,NA,NA,NA,NA,NA,NA,NA,NA,NA,NA,NA,NA,NA,NA,NA,NA,NA,NA,NA,NA,NA,4,18,30,100,20,70,142
Portugal,PT,PRT,620,EUR,2018,NA,NA,NA,NA,NA,NA,NA,NA,NA,NA,NA,NA,NA,NA,NA,NA,NA,NA,NA,NA,NA,NA,NA,NA,NA,NA,NA,NA,NA,NA,4,18,30,100,20,70,142
Puerto Rico,PR,PRI,630,AMR,2017,NA,NA,NA,NA,NA,NA,NA,NA,NA,NA,NA,NA,NA,NA,NA,NA,NA,NA,NA,NA,NA,NA,NA,524731,NA,NA,NA,NA,NA,NA,97,0,75,0,30,0,2
Puerto Rico,PR,PRI,630,AMR,2018,NA,NA,NA,NA,NA,NA,NA,NA,NA,NA,NA,NA,NA,NA,NA,NA,NA,NA,NA,NA,NA,NA,NA,555843,NA,NA,NA,NA,NA,NA,97,0,79,0,30,0,2
Qatar,QA,QAT,634,EMR,2017,NA,NA,NA,NA,NA,NA,NA,NA,NA,NA,NA,NA,NA,NA,NA,NA,NA,NA,NA,NA,NA,NA,NA,NA,NA,NA,NA,NA,NA,NA,14,30,71,100,15,20,140
Qatar,QA,QAT,634,EMR,2018,NA,NA,NA,NA,NA,NA,NA,NA,NA,NA,NA,NA,NA,NA,NA,NA,NA,NA,NA,NA,NA,NA,NA,NA,NA,NA,NA,NA,NA,NA,14,30,71,100,15,20,140
Republic of Korea,KR,KOR,410,WPR,2017,NA,NA,NA,1149000,11490000,6100000,6100000,1197000,1197000,30279000,30279000,1138000,1138000,116000,116000,0,0,5421000,5421000,122000,122000,517000,517000,46039000,56380000,56380000,0,0,0,56380000,NA,NA,NA,NA,NA,NA,NA
Republic of Korea,KR,KOR,410,WPR,2018,NA,NA,NA,11004000,11004000,6600000,6600000,435000,435000,18772000,18772000,1131000,1131000,115000,115000,0,0,5391000,5391000,83000,83000,496000,496000,44027000,44027000,44027000,NA,NA,NA,44027000,NA,NA,NA,NA,NA,NA,NA
Republic of Moldova,MD,MDA,498,EUR,2017,50,2697,7427,1753189,1753189,5635311,5635311,138968,138968,3507415,3507415,2066744,2066744,246733,246733,56210,56210,1292015,1292015,108242,108242,1135024,1135024,15939851,15939851,9549848,6390003,0,0,15939851,134,415,59,91,57,135,142
Republic of Moldova,MD,MDA,498,EUR,2018,50,2697,7427,1207313,1207313,5383276,5383276,154785,154785,1848392,1848392,2226971,2226971,133457,133457,2292,2292,1999995,1999995,0,0,271932,271932,13228413,13228413,9816596,3411817,0,0,13228413,131,411,66,85,50,110,142
Romania,RO,ROU,642,EUR,2017,60,2150,6800,3727440,3727440,323032,323032,1380000,1380000,1778348,1778348,1310950,1310950,600040,600040,50000,50000,622784,622784,545609,545609,1317994,1317994,11656197,11656197,6760000,2918031,0,1978166,11656197,85,610,80,95,35,90,2
Romania,RO,ROU,642,EUR,2018,70,2200,7000,2973639,2973639,361531,361531,1210000,1210000,298943,298943,1747678,1747678,103975,103975,0,0,81005,81005,151580,151580,424662,424662,7353013,7353013,6102373,1250640,0,0,7353013,85,610,80,95,35,90,2
Russian Federation,RU,RUS,643,EUR,2017,58,3107,10100,26329894,26329894,836264980,836264980,11276013,11276013,93780172,93780172,87096227,87096227,15621891,15621891,1174320,1174320,1176378,1176378,130355,130355,361729048,361729048,1434579278,1434579278,1432956723,0,0,1622555,1434579278,201,720,66,100,33,210,141
Russian Federation,RU,RUS,643,EUR,2018,51,2507,6739,29023816,29023816,919298312,919298312,9846612,9846612,85134529,85134529,88829336,88829336,10965633,10965633,1361289,1361289,786687,786687,98459,98459,305381792,305381792,1450726465,1450726465,1449863479,0,0,862986,1450726465,202,720,66,100,27,210,141
Rwanda,RW,RWA,646,AFR,2017,30,1161,8181,2218988,2218988,1482198,1865183,161417,181630,3344919,3719735,117679,178779,25000,25000,46636,49614,114502,127611,0,8250,257845,518066,7769184,8892856,173110,8021008,288400,410338,8892856,112,270,5,100,10,120,141
Rwanda,RW,RWA,646,AFR,2018,25,858,4473,1891025,1891025,1382944,1382944,166140,166140,2477286,2477286,121122,121122,39030,39030,249574,249574,84784,84784,8250,8250,11711,11711,6431866,6431866,227734,5942847,249574,11711,6431866,180,270,5,100,10,120,141
Saint Kitts and Nevis,KN,KNA,659,AMR,2017,NA,NA,NA,NA,NA,NA,NA,NA,NA,NA,NA,NA,NA,NA,NA,NA,NA,NA,NA,NA,NA,NA,NA,NA,NA,NA,NA,NA,NA,NA,15,NA,100,NA,50,NA,2
Saint Kitts and Nevis,KN,KNA,659,AMR,2018,NA,NA,NA,NA,NA,NA,NA,NA,NA,NA,NA,NA,NA,NA,NA,NA,NA,NA,NA,NA,NA,NA,NA,NA,NA,NA,NA,NA,NA,NA,15,NA,100,NA,50,NA,2
Saint Lucia,LC,LCA,662,AMR,2017,NA,NA,NA,NA,NA,NA,NA,NA,NA,NA,NA,NA,NA,NA,NA,NA,NA,NA,NA,NA,NA,NA,NA,55350,NA,NA,NA,NA,NA,NA,56,NA,100,NA,60,NA,2
Saint Lucia,LC,LCA,662,AMR,2018,NA,NA,NA,NA,NA,NA,NA,NA,NA,NA,NA,NA,NA,NA,NA,NA,NA,NA,NA,NA,NA,NA,NA,NA,NA,NA,NA,NA,NA,NA,52,NA,100,NA,60,NA,2
Saint Vincent and the Grenadines,VC,VCT,670,AMR,2017,NA,NA,NA,NA,NA,NA,NA,NA,NA,NA,NA,NA,NA,NA,NA,NA,NA,NA,NA,NA,NA,NA,NA,NA,NA,NA,NA,NA,NA,NA,0,0,0,0,0,0,2
Saint Vincent and the Grenadines,VC,VCT,670,AMR,2018,NA,NA,NA,NA,NA,NA,NA,NA,NA,NA,NA,NA,NA,NA,NA,NA,NA,NA,NA,NA,NA,NA,NA,NA,NA,NA,NA,NA,NA,NA,3,0,100,0,NA,NA,2
Samoa,WS,WSM,882,WPR,2017,NA,NA,NA,NA,NA,NA,NA,NA,NA,NA,NA,NA,NA,NA,NA,NA,NA,NA,NA,NA,NA,NA,NA,NA,NA,NA,NA,NA,NA,NA,2,NA,30,NA,21,NA,2
Samoa,WS,WSM,882,WPR,2018,NA,NA,NA,NA,NA,NA,NA,NA,NA,NA,NA,NA,NA,NA,NA,NA,NA,NA,NA,NA,NA,NA,NA,NA,NA,NA,NA,NA,NA,NA,2,NA,30,NA,21,NA,2
San Marino,SM,SMR,674,EUR,2017,NA,NA,NA,NA,NA,NA,NA,NA,NA,NA,NA,NA,NA,NA,NA,NA,NA,NA,NA,NA,NA,NA,NA,36000,NA,NA,NA,NA,NA,NA,0,0,0,0,0,0,142
San Marino,SM,SMR,674,EUR,2018,NA,NA,NA,NA,NA,NA,NA,NA,NA,NA,NA,NA,NA,NA,NA,NA,NA,NA,NA,NA,NA,NA,NA,35000,NA,NA,NA,NA,NA,NA,0,0,0,0,0,0,142
Sao Tome and Principe,ST,STP,678,AFR,2017,22,1800,NA,230682,230682,52243,57786,8000,8000,267726,267726,19530,19530,39574,39574,15943,16113,14944,15841,10368,13448,11920,12300,670930,681000,64250,470903,0,145847,681000,6,180,38,100,15,120,142
Sao Tome and Principe,ST,STP,678,AFR,2018,25,1800,0,64548,64548,49754,49754,6183,6183,151743,151743,6549,6549,45015,45015,7943,7943,25557,25557,0,0,136124,136124,493416,493416,191359,290475,0,11582,493416,6,180,42,100,15,120,142
Saudi Arabia,SA,SAU,682,EMR,2017,NA,NA,NA,NA,NA,NA,NA,NA,NA,NA,NA,NA,NA,NA,NA,NA,NA,NA,NA,NA,NA,NA,NA,20000000,NA,NA,NA,NA,NA,NA,12,24,63,0,0,0,141
Saudi Arabia,SA,SAU,682,EMR,2018,NA,NA,NA,NA,NA,NA,NA,NA,NA,NA,NA,NA,NA,NA,NA,NA,NA,NA,NA,NA,NA,NA,NA,20000000,NA,NA,NA,NA,NA,NA,64,80,50,100,35,90,142
Senegal,SN,SEN,686,AFR,2017,NA,NA,NA,NA,NA,NA,NA,NA,NA,NA,NA,NA,NA,NA,NA,NA,NA,NA,NA,NA,NA,NA,NA,NA,NA,NA,NA,NA,NA,NA,64,270,0,20,NA,60,142
Senegal,SN,SEN,686,AFR,2018,38,820,5308,158991,1005303,1311309,1311309,519080,519080,268505,268505,72160,72160,56173,213934,58052,83452,147486,171505,35487,44253,363722,993420,2990965,4682921,2222605,2280413,0,179903,4682921,79,270,0,32,0,50,142
Serbia,RS,SRB,688,EUR,2017,105,8693,0,2201451,2201451,16800,16800,78529,78529,6868449,6868449,52155,52155,130237,130237,39337,39337,4629,4629,1200,1200,31736,31736,9424523,9424523,9424523,0,0,0,9424523,45,252,70,100,37,240,141
Serbia,RS,SRB,688,EUR,2018,107,2830,1900,2087324,2087324,18820,18820,74458,74458,6512277,6512277,26078,26078,21706,21706,29503,29503,4320,4320,0,0,30091,30091,8804577,8804577,8804577,0,0,0,8804577,45,252,70,100,35,240,141
Seychelles,SC,SYC,690,AFR,2017,NA,NA,NA,NA,NA,NA,NA,NA,NA,NA,NA,NA,NA,NA,NA,NA,NA,NA,NA,NA,NA,NA,NA,10000,NA,NA,NA,NA,NA,NA,12,0,80,0,21,0,141
Seychelles,SC,SYC,690,AFR,2018,NA,NA,NA,NA,NA,NA,NA,NA,NA,NA,NA,NA,NA,NA,NA,NA,NA,NA,NA,NA,NA,NA,NA,10000,NA,NA,NA,NA,NA,NA,180,0,100,0,14,0,141
Sierra Leone,SL,SLE,694,AFR,2017,32,1024,NA,352359,352359,241754,241754,473750,473750,2576583,2576583,103424,103424,305375,305375,143230,143230,50000,50000,NA,NA,100000,100000,4346475,4346475,241754,3884721,220000,0,4346475,60,171,NA,100,NA,168,142
Sierra Leone,SL,SLE,694,AFR,2018,32,1024,NA,2095099,2618874,264591,264591,549408,712896,2995509,3744386,122880,199680,1818634,2273293,680663,680663,NA,0,NA,0,1479797,1479797,10006581,11974180,264591,11086383,35465,587741,11974180,60,171,0,100,0,168,142
Singapore,SG,SGP,702,WPR,2017,NA,NA,NA,NA,NA,NA,NA,NA,NA,NA,NA,NA,NA,NA,NA,NA,NA,NA,NA,NA,NA,NA,NA,15346115,NA,NA,NA,NA,NA,NA,NA,NA,NA,NA,NA,NA,142
Singapore,SG,SGP,702,WPR,2018,NA,NA,NA,NA,NA,NA,NA,NA,NA,NA,NA,NA,NA,NA,NA,NA,NA,NA,NA,NA,NA,NA,NA,10525811,NA,NA,NA,NA,NA,NA,NA,NA,NA,NA,NA,NA,142
Sint Maarten (Dutch part),SX,SXM,534,AMR,2017,NA,NA,NA,NA,NA,NA,NA,NA,NA,NA,NA,NA,NA,NA,NA,NA,NA,NA,NA,NA,NA,NA,NA,0,NA,NA,NA,NA,NA,NA,64,NA,100,NA,5,NA,140
Sint Maarten (Dutch part),SX,SXM,534,AMR,2018,NA,NA,NA,NA,NA,NA,NA,NA,NA,NA,NA,NA,NA,NA,NA,NA,NA,NA,NA,NA,NA,NA,NA,0,NA,NA,NA,NA,NA,NA,64,NA,100,NA,5,NA,140
Slovakia,SK,SVK,703,EUR,2017,NA,NA,NA,NA,NA,NA,NA,NA,NA,NA,NA,NA,NA,NA,NA,NA,NA,NA,NA,NA,NA,NA,NA,10000,NA,NA,NA,NA,NA,NA,60,350,90,100,35,180,142
Slovakia,SK,SVK,703,EUR,2018,NA,NA,NA,NA,NA,NA,NA,NA,NA,NA,NA,NA,NA,NA,NA,NA,NA,NA,NA,NA,NA,NA,NA,10000,NA,NA,NA,NA,NA,NA,44,90,90,100,20,90,142
Slovenia,SI,SVN,705,EUR,2017,NA,NA,NA,NA,NA,NA,NA,NA,NA,NA,NA,NA,NA,NA,NA,NA,NA,NA,NA,NA,NA,NA,NA,NA,NA,NA,NA,NA,NA,NA,NA,NA,NA,NA,NA,NA,NA
Slovenia,SI,SVN,705,EUR,2018,NA,NA,NA,NA,NA,NA,NA,NA,NA,NA,NA,NA,NA,NA,NA,NA,NA,NA,NA,NA,NA,NA,NA,NA,NA,NA,NA,NA,NA,NA,NA,NA,NA,NA,NA,NA,NA
Solomon Islands,SB,SLB,090,WPR,2017,42,2309,0,47956,50176,178085,343547,18900,18900,282766,416048,0,16163,25000,50000,6120,7882,0,50400,1066,12680,0,0,559893,965796,362447,603349,0,0,965796,20,0,100,0,60,0,2
Solomon Islands,SB,SLB,090,WPR,2018,52,0,0,33859,129270,343547,343547,31188,31188,321492,438484,0,4411,0,11012,1225,2916,0,61932,3225,8000,0,0,734536,1030760,482184,548576,0,0,1030760,20,0,100,0,60,0,2
Somalia,SO,SOM,706,EMR,2017,42,347,0,2086864,2344503,150360,150360,704787,715072,3513985,3604866,92973,307423,204673,253799,470895,493124,59850,545580,59112,59112,5537250,5560000,12880749,14033839,NA,14033839,NA,NA,14033839,4,14,60,75,40,120,2
Somalia,SO,SOM,706,EMR,2018,39,1322,NA,150240,150240,2074949,2074949,624525,624525,2480715,2480715,419003,419003,23768,23768,125759,125759,270759,270759,NA,NA,244238,244238,6413956,6413956,NA,6413956,NA,NA,6413956,64,77,8,40,30,60,141
South Africa,ZA,ZAF,710,AFR,2017,NA,NA,NA,NA,NA,NA,NA,NA,NA,NA,NA,NA,NA,NA,NA,NA,NA,NA,NA,NA,NA,NA,NA,NA,NA,NA,NA,NA,NA,NA,6,110,5,50,5,60,140
South Africa,ZA,ZAF,710,AFR,2018,NA,NA,NA,NA,NA,NA,NA,NA,NA,NA,NA,NA,NA,NA,NA,NA,NA,NA,NA,NA,NA,NA,NA,NA,NA,NA,NA,NA,NA,NA,6,110,5,50,5,60,140
South Sudan,SS,SSD,728,AFR,2017,NA,NA,NA,2073904,2355028,107365,121919,1487339,1688953,NA,NA,27000,30660,NA,NA,879672,998914,NA,NA,NA,NA,3816081,4333363,8391361,9528837,NA,9528837,NA,NA,9528837,16,10,NA,NA,21,0,2
South Sudan,SS,SSD,728,AFR,2018,3,NA,0,123902,221546,627862,667168,44364,595470,621801,649350,0,6692,44963,123342,1275,50528,661,7852,0,0,886278,955555,2351106,3277503,NA,3277503,NA,NA,3277503,8,13,5,8,6,9,142
Spain,ES,ESP,724,EUR,2017,NA,NA,NA,NA,NA,NA,NA,NA,NA,NA,NA,NA,NA,NA,NA,NA,NA,NA,NA,NA,NA,NA,NA,NA,NA,NA,NA,NA,NA,NA,NA,NA,NA,NA,NA,NA,NA
Spain,ES,ESP,724,EUR,2018,NA,NA,NA,NA,NA,NA,NA,NA,NA,NA,NA,NA,NA,NA,NA,NA,NA,NA,NA,NA,NA,NA,NA,NA,NA,NA,NA,NA,NA,NA,NA,NA,NA,NA,NA,NA,NA
Sri Lanka,LK,LKA,144,SEA,2017,20,1311,7314,506196,902174,4691783,4691783,266035,285106,1908088,2390755,17665,18358,27930,138134,4390,21755,0,0,73668,96993,0,0,7495755,8545058,6241680,1997948,0,305430,8545058,76,180,0,100,0,240,142
Sri Lanka,LK,LKA,144,SEA,2018,28,1797,NA,1444242,1921057,3567893,3567893,248782,285207,135388,430471,23367,37583,424,424,14251,63638,0,0,0,0,1087,5681,5435434,6311954,3567893,2738875,NA,5186,6311954,80,180,0,100,0,240,142
Sudan,SD,SDN,729,EMR,2017,79,5525,NA,2620168,2620168,4787050,4987082,1680854,1680854,2103681,2103681,563553,563553,1567006,1567006,398051,398051,189000,189000,45000,45000,772522,772522,14726885,14926917,2493541,12433376,NA,NA,14926917,8,22,NA,60,NA,15,142
Sudan,SD,SDN,729,EMR,2018,30,769,9330,260450,747933,328586,328586,193030,641798,426384,1453733,189763,251203,2867,288072,100423,100423,39725,150370,1270,1500,877383,1424131,2419881,5387749,169200,5218549,NA,NA,5387749,8,24,NA,NA,NA,NA,142
Suriname,SR,SUR,740,AMR,2017,71,0,0,70937,70937,178359,178359,10000,10000,28000,28000,0,0,NA,NA,NA,NA,30036,30036,5000,5000,52000,52000,374332,374332,53622,310710,0,10000,374332,6,NA,80,NA,47,NA,142
Suriname,SR,SUR,740,AMR,2018,89,0,0,343402,343402,215088,215088,15000,15000,69085,69085,0,0,0,0,2501,2501,53320,53320,0,0,113000,113000,811396,811396,214615,586781,0,10000,811396,6,0,80,0,47,0,140
Sweden,SE,SWE,752,EUR,2017,NA,NA,NA,NA,NA,NA,NA,NA,NA,NA,NA,NA,NA,NA,NA,NA,NA,NA,NA,NA,NA,NA,NA,NA,NA,NA,NA,NA,NA,NA,10,NA,50,80,14,120,142
Sweden,SE,SWE,752,EUR,2018,NA,NA,NA,NA,NA,NA,NA,NA,NA,NA,NA,NA,NA,NA,NA,NA,NA,NA,NA,NA,NA,NA,NA,NA,NA,NA,NA,NA,NA,NA,10,NA,50,80,14,120,142
Switzerland,CH,CHE,756,EUR,2017,NA,NA,NA,NA,NA,NA,NA,NA,NA,NA,NA,NA,NA,NA,NA,NA,NA,NA,NA,NA,NA,NA,NA,2900000,NA,NA,NA,NA,NA,NA,10,30,80,100,15,50,142
Switzerland,CH,CHE,756,EUR,2018,NA,NA,NA,NA,NA,NA,NA,NA,NA,NA,NA,NA,NA,NA,NA,NA,NA,NA,NA,NA,NA,NA,NA,2900000,NA,NA,NA,NA,NA,NA,10,30,80,100,15,50,142
Syrian Arab Republic,SY,SYR,760,EMR,2017,60,3000,6000,44000,44000,NA,NA,NA,NA,NA,NA,NA,NA,NA,NA,NA,NA,NA,NA,NA,NA,NA,NA,44000,44000,NA,0,NA,44000,44000,9,13,3,4,6,15,140
Syrian Arab Republic,SY,SYR,760,EMR,2018,60,3000,6000,378851,378851,0,0,232133,232133,912324,1052799,21670,32729,0,0,0,0,59590,272115,0,0,0,0,1604568,1968627,0,1968627,0,0,1968627,9,13,3,4,2,5,140
Tajikistan,TJ,TJK,762,EUR,2017,44,2525,4860,4037774,4150681,2048468,2048468,276276,276276,185789,185789,1439278,1439278,12000,15000,2314946,2316146,1197192,1197192,64399,64399,2084254,2784254,13660376,14477483,1717116,9509576,2687278,563513,14477483,336,572,73,73,45,98,142
Tajikistan,TJ,TJK,762,EUR,2018,44,2060,4860,4320418,4627167,2903572,2903572,241912,241912,222947,222947,1656240,1656240,25801,25801,3737,3737,388336,760336,30074,30074,1112159,1208459,10905196,11680245,4757620,2903754,1683865,2335006,11680245,336,572,73,73,45,98,142
Thailand,TH,THA,764,SEA,2017,73,2812,6385,2051275,2051275,1560865,1560865,7154677,7154677,2903077,2903077,3524818,3524818,53045,53045,22233,22233,203759,203759,176732,176732,1590385,1590385,19240866,19240866,16558496,2682370,NA,NA,19240866,6,24,2,10,7,7,141
Thailand,TH,THA,764,SEA,2018,55,3786,2745,2933354,2936396,1442130,1442130,9720546,9735680,4071912,4538023,4736000,4758184,292122,470530,20835,21839,158112,324393,1500000,1500000,373934,373934,25248945,26101109,21041588,3440172,0,1619349,26101109,6,24,NA,100,NA,30,141
Timor-Leste,TL,TLS,626,SEA,2017,45,1243,NA,137490,355200,236170,236170,158869,158869,890280,890280,4972,42076,82784,82784,13060,15306,42300,42300,0,0,0,0,1565925,1822985,197939,1625046,0,0,1822985,5,0,NA,100,NA,500,141
Timor-Leste,TL,TLS,626,SEA,2018,19,314,0,713,713,348919,364082,73396,119870,276474,306498,3764,27413,25552,32401,117922,167111,17914,39938,123245,123245,1298569,1775519,2286468,2956790,0,2956790,0,0,2956790,5,0,10,100,0,180,2
Togo,TG,TGO,768,AFR,2017,75,NA,0,1124295,1124295,305109,336078,197601,197601,594244,594244,0,0,0,0,NA,NA,46990,231531,59715,63066,514226,1009797,2842180,3556612,309885,3220630,NA,26097,3556612,8,270,4,60,60,120,142
Togo,TG,TGO,768,AFR,2018,4,373,0,42964,125325,296471,296471,8689,27447,118761,121451,5962,20690,0,0,585,13757,18381,23891,4854,8222,95513,145880,592180,783134,178719,516771,0,87644,783134,16,270,10,100,60,120,142
Tokelau,TK,TKL,772,WPR,2017,NA,NA,NA,NA,NA,NA,NA,NA,NA,NA,NA,NA,NA,NA,NA,NA,NA,NA,NA,NA,NA,NA,NA,0,NA,NA,NA,NA,NA,NA,0,0,0,0,0,0,141
Tokelau,TK,TKL,772,WPR,2018,NA,NA,NA,NA,NA,NA,NA,NA,NA,NA,NA,NA,NA,NA,NA,NA,NA,NA,NA,NA,NA,NA,NA,NA,NA,NA,NA,NA,NA,NA,NA,NA,NA,NA,NA,NA,NA
Tonga,TO,TON,776,WPR,2017,NA,NA,NA,NA,NA,NA,NA,NA,NA,NA,NA,NA,NA,NA,NA,NA,NA,NA,NA,NA,NA,NA,NA,117720,NA,NA,NA,NA,NA,NA,3,0,10,0,14,0,142
Tonga,TO,TON,776,WPR,2018,NA,NA,NA,NA,NA,NA,NA,NA,NA,NA,NA,NA,NA,NA,NA,NA,NA,NA,NA,NA,NA,NA,NA,207875,NA,NA,NA,NA,NA,NA,3,0,10,0,14,0,142
Trinidad and Tobago,TT,TTO,780,AMR,2017,NA,NA,NA,NA,NA,NA,NA,NA,NA,NA,NA,NA,NA,NA,NA,NA,NA,NA,NA,NA,NA,NA,NA,NA,NA,NA,NA,NA,NA,NA,10,25,80,100,14,60,141
Trinidad and Tobago,TT,TTO,780,AMR,2018,NA,NA,NA,NA,NA,NA,NA,NA,NA,NA,NA,NA,NA,NA,NA,NA,NA,NA,NA,NA,NA,NA,NA,NA,NA,NA,NA,NA,NA,NA,10,25,80,100,30,60,141
Tunisia,TN,TUN,788,EMR,2017,74,3300,7000,220000,220000,618750,618750,233850,233850,88000,88000,46200,46200,27500,27500,3300,3300,0,0,0,0,0,0,1237600,1237600,1237600,0,0,0,1237600,6,22,55,100,17,66,142
Tunisia,TN,TUN,788,EMR,2018,100,5000,7000,300000,300000,618750,618750,233850,233850,88000,88000,46200,46200,27500,27500,3300,3300,0,0,0,0,0,0,1317600,1317600,1317600,0,0,0,1317600,6,22,55,100,17,66,142
Turkey,TR,TUR,792,EUR,2017,NA,NA,NA,NA,NA,NA,NA,NA,NA,NA,NA,NA,NA,NA,NA,NA,NA,NA,NA,NA,NA,NA,NA,NA,NA,NA,NA,NA,NA,NA,5,15,50,95,10,45,142
Turkey,TR,TUR,792,EUR,2018,NA,NA,NA,NA,NA,NA,NA,NA,NA,NA,NA,NA,NA,NA,NA,NA,NA,NA,NA,NA,NA,NA,NA,NA,NA,NA,NA,NA,NA,NA,5,15,50,95,10,45,142
Turkmenistan,TM,TKM,795,EUR,2017,NA,NA,NA,NA,NA,NA,NA,NA,NA,NA,NA,NA,NA,NA,NA,NA,NA,NA,NA,NA,NA,NA,NA,NA,NA,NA,NA,NA,NA,NA,NA,NA,NA,NA,NA,NA,NA
Turkmenistan,TM,TKM,795,EUR,2018,NA,NA,NA,NA,NA,NA,NA,NA,NA,NA,NA,NA,NA,NA,NA,NA,NA,NA,NA,NA,NA,2631246,2631246,2631246,2631246,NA,2419246,212000,NA,2631246,NA,NA,NA,NA,NA,NA,NA
Turks and Caicos Islands,TC,TCA,796,AMR,2017,NA,NA,NA,NA,NA,NA,NA,NA,NA,NA,NA,NA,NA,NA,NA,NA,NA,NA,NA,NA,NA,NA,NA,NA,NA,NA,NA,NA,NA,NA,NA,NA,NA,NA,NA,NA,NA
Turks and Caicos Islands,TC,TCA,796,AMR,2018,NA,NA,NA,NA,NA,NA,NA,NA,NA,NA,NA,NA,NA,NA,NA,NA,NA,NA,NA,NA,NA,NA,NA,NA,NA,NA,NA,NA,NA,NA,6,0,50,0,14,0,140
Tuvalu,TV,TUV,798,WPR,2017,NA,NA,NA,NA,NA,NA,NA,NA,NA,NA,NA,NA,NA,NA,NA,NA,NA,NA,NA,NA,NA,NA,NA,NA,NA,NA,NA,NA,NA,NA,NA,NA,NA,NA,NA,NA,NA
Tuvalu,TV,TUV,798,WPR,2018,NA,NA,NA,NA,NA,NA,NA,NA,NA,NA,NA,NA,NA,NA,NA,NA,NA,NA,NA,NA,NA,NA,NA,30715,NA,NA,NA,NA,NA,NA,4,NA,80,NA,56,NA,2
Uganda,UG,UGA,800,AFR,2017,42,1022,2343,707000,707000,507000,507000,2146686,2146686,30000,30000,1814500,1814500,30000,30000,1055372,1055372,3829040,3829040,122300,122300,1000000,1000000,11241898,11241898,30000,5226398,5000000,985500,11241898,8,26,2,20,15,30,140
Uganda,UG,UGA,800,AFR,2018,31,1133,2761,4909627,4909627,1000811,1000811,1790436,1790436,4548930,4848930,572165,572165,1183602,1183602,461163,461163,1168550,1168550,50000,50000,3710918,3710918,19396202,19696202,1908108,7283493,10000000,504601,19696202,8,432,10,80,15,30,142
Ukraine,UA,UKR,804,EUR,2017,35,1509,5455,8808725,8808902,307536,307536,44980,44980,1591275,1591275,11829196,18174822,2829904,2829904,594014,595617,2836724,2836724,2142,2142,6410984,6410984,35255480,41602886,28564702,9542463,2557105,938616,41602886,315,615,67,77,86,146,142
Ukraine,UA,UKR,804,EUR,2018,35,1506,5442,5500734,6581087,79627,79627,0,0,1500355,1503230,20633218,22613875,1634411,1634442,103056,103056,4750990,6162605,57463,121783,13622422,13693965,47882276,52493670,41697411,10796259,NA,NA,52493670,315,615,75,88,72,122,142
United Arab Emirates,AE,ARE,784,EMR,2017,NA,NA,NA,NA,NA,NA,NA,NA,NA,NA,NA,NA,NA,NA,NA,NA,NA,NA,NA,NA,NA,NA,NA,NA,NA,NA,NA,NA,NA,NA,60,270,100,100,30,180,142
United Arab Emirates,AE,ARE,784,EMR,2018,NA,NA,NA,NA,NA,NA,NA,NA,NA,NA,NA,NA,NA,NA,NA,NA,NA,NA,NA,NA,NA,NA,NA,NA,NA,NA,NA,NA,NA,NA,60,270,100,100,30,180,142
United Kingdom of Great Britain and Northern Ireland,GB,GBR,826,EUR,2017,NA,NA,NA,NA,NA,NA,NA,NA,NA,NA,NA,NA,NA,NA,NA,NA,NA,NA,NA,NA,NA,NA,NA,NA,NA,NA,NA,NA,NA,NA,NA,NA,NA,NA,NA,NA,142
United Kingdom of Great Britain and Northern Ireland,GB,GBR,826,EUR,2018,NA,NA,NA,NA,NA,NA,NA,NA,NA,NA,NA,NA,NA,NA,NA,NA,NA,NA,NA,NA,NA,NA,NA,NA,NA,NA,NA,NA,NA,NA,NA,NA,NA,NA,NA,NA,142
United Republic of Tanzania,TZ,TZA,834,AFR,2017,23,20079,0,1831880,1831880,1436888,1436888,1561170,1561170,3595953,3595953,0,0,25000,25000,687766,687766,223939,223939,707250,707250,NA,NA,10069846,10069846,380000,8939846,NA,750000,10069846,18,24,10,100,14,180,142
United Republic of Tanzania,TZ,TZA,834,AFR,2018,18,1600,2800,4971080,4971080,1809689,1809689,3831478,3831478,7045639,7045639,1073061,1073061,315951,315951,1810133,1810133,186007,186007,471025,471025,NA,NA,21514063,21514063,1487985,16562762,2713316,750000,21514063,18,24,10,100,14,180,142
United States of America,US,USA,840,AMR,2017,NA,NA,NA,NA,NA,NA,NA,NA,NA,NA,NA,NA,NA,NA,NA,NA,NA,NA,NA,NA,NA,NA,NA,135034041,NA,NA,NA,NA,NA,NA,NA,NA,NA,NA,NA,NA,142
United States of America,US,USA,840,AMR,2018,NA,NA,NA,NA,NA,NA,NA,NA,NA,NA,NA,NA,NA,NA,NA,NA,NA,NA,NA,NA,NA,NA,NA,135034000,NA,NA,NA,NA,NA,NA,NA,NA,NA,NA,NA,NA,NA
Uruguay,UY,URY,858,AMR,2017,NA,NA,NA,153639,153639,2946407,2946407,39389,39389,NA,NA,15641,15641,NA,NA,NA,NA,425150,425150,125119,125119,343431,343431,4048776,4048776,4048776,NA,NA,NA,4048776,102,390,73,50,25,32,141
Uruguay,UY,URY,858,AMR,2018,NA,NA,NA,165869,165869,3180941,3180941,42524,42524,0,0,16886,16886,0,0,0,0,458992,458992,135078,135078,370768,370768,4371058,4371058,4371058,NA,NA,NA,4371058,102,390,65,50,25,32,142
Uzbekistan,UZ,UZB,860,EUR,2017,NA,NA,NA,2400546,2400546,209198,209198,838949,838949,646656,646656,6435353,6435353,106455,106455,79150,79150,508390,508390,0,0,0,0,11224697,11224697,NA,10201467,633828,389402,11224697,156,520,92,93,56,68,141
Uzbekistan,UZ,UZB,860,EUR,2018,NA,NA,NA,NA,NA,NA,NA,NA,NA,NA,NA,NA,NA,NA,NA,NA,NA,NA,NA,NA,NA,NA,NA,NA,NA,NA,NA,NA,NA,NA,156,520,94,96,56,68,141
Vanuatu,VU,VUT,548,WPR,2017,79,0,0,20000,20000,210000,210000,7293,7293,75000,75000,0,0,0,0,0,0,0,0,20000,20000,0,0,332293,332293,132293,180000,0,20000,332293,12,0,60,100,14,60,142
Vanuatu,VU,VUT,548,WPR,2018,61,0,0,2000,2000,210000,210000,5490,5490,160000,160000,0,0,5000,5000,1051,1051,0,0,0,0,0,0,383541,383541,217490,130000,0,36051,383541,32,4,95,100,60,180,142
Venezuela (Bolivarian Republic of),VE,VEN,862,AMR,2017,27,976,3055,0,0,NA,NA,NA,NA,NA,NA,NA,NA,NA,NA,5000,5000,0,0,0,0,12000,12000,17000,17000,NA,0,0,17000,17000,104,332,14,100,14,150,141
Venezuela (Bolivarian Republic of),VE,VEN,862,AMR,2018,27,739,3088,33223,33223,6788,6788,326658,326658,NA,NA,30295,30295,NA,NA,0,0,0,0,0,0,0,0,396964,396964,353081,0,0,43883,396964,104,330,14,99,14,150,142
Viet Nam,VN,VNM,704,WPR,2017,63,713,4643,984393,984393,808438,862943,7331422,7331422,NA,NA,1797973,1797973,7017518,7688583,466951,623458,1262884,2115246,1734239,1734239,4099105,4503818,25502923,27642075,8586666,18517174,NA,538235,27642075,30,520,40,80,14,14,141
Viet Nam,VN,VNM,704,WPR,2018,63,713,4643,3434033,6221600,288335,297855,5517467,5517467,NA,NA,2054562,4105214,4145996,5187910,380503,439235,1260266,1260266,918675,1209595,153467,153467,18153304,24392609,6454000,17109014,NA,829595,24392609,30,520,40,80,14,14,141
Wallis and Futuna Islands,WF,WLF,876,WPR,2017,NA,NA,NA,NA,NA,NA,NA,NA,NA,NA,NA,NA,NA,NA,NA,NA,NA,NA,NA,NA,NA,NA,NA,NA,NA,NA,NA,NA,NA,NA,NA,NA,NA,NA,NA,NA,NA
Wallis and Futuna Islands,WF,WLF,876,WPR,2018,NA,NA,NA,NA,NA,NA,NA,NA,NA,NA,NA,NA,NA,NA,NA,NA,NA,NA,NA,NA,NA,NA,NA,NA,NA,NA,NA,NA,NA,NA,NA,NA,NA,NA,NA,NA,140
West Bank and Gaza Strip,PS,PSE,275,EMR,2017,NA,NA,NA,NA,NA,NA,NA,NA,NA,NA,NA,NA,NA,NA,NA,NA,NA,NA,NA,NA,NA,NA,NA,NA,NA,NA,NA,NA,NA,NA,NA,NA,NA,NA,NA,NA,NA
West Bank and Gaza Strip,PS,PSE,275,EMR,2018,400,5000,10000,NA,NA,NA,NA,NA,NA,NA,NA,NA,NA,NA,NA,NA,NA,NA,NA,NA,NA,NA,NA,NA,NA,NA,NA,NA,NA,NA,8,NA,5,NA,7,NA,2
Yemen,YE,YEM,887,EMR,2017,25,3000,NA,4048,4048,281488,281488,0,0,120494,120494,129000,129000,0,0,0,0,0,0,0,0,13619,13619,548649,548649,34400,514249,0,0,548649,23,24,0,0,0,0,2
Yemen,YE,YEM,887,EMR,2018,24,2580,0,236483,236483,213750,213750,241494,385712,1006270,1206270,110896,110896,121837,121837,0,0,63000,63000,0,0,0,0,1993730,2337948,24000,2313948,0,0,2337948,12,24,0,0,0,0,2
Zambia,ZM,ZMB,894,AFR,2017,50,5822,0,1028978,1228589,428340,518115,2551707,2551707,390000,390000,1455500,1455500,270000,270000,1600139,1600139,200000,2182905,350000,520000,210000,310000,8484664,11026955,2173704,6707765,126890,2018596,11026955,10,12,20,100,5,180,142
Zambia,ZM,ZMB,894,AFR,2018,156,5822,6240,1162486,1212486,528340,618115,5603832,6302024,990000,1000000,2945932,3096280,3008818,3018818,3039570,3079570,807679,920000,600000,700000,410000,410000,19096657,20357293,6112996,8044576,4987625,1212096,20357293,7,24,3,10,5,14,142
Zimbabwe,ZW,ZWE,716,AFR,2017,21,1545,12462,2298314,2298314,1914270,1914270,609863,1501184,2760823,2760823,678255,1038240,363217,363217,611971,611971,163440,163440,NA,NA,NA,NA,9400153,10651459,2484000,8167459,NA,NA,10651459,24,236,5,20,14,60,141
Zimbabwe,ZW,ZWE,716,AFR,2018,38,1173,4762,1948619,2582279,1339551,1556494,1773922,1773922,3003048,3203947,1828181,1828181,367018,367018,182185,182185,96163,178800,247194,247194,601604,614996,11387485,12535016,417600,7203689,4735727,178000,12535016,12,196,1,5,14,60,140
