month_number,month_name,day_of_month,day_of_year,births
1,January,1,1,105
1,January,2,2,76
1,January,3,3,74
1,January,4,4,88
1,January,5,5,75
1,January,6,6,75
1,January,7,7,76
1,January,8,8,73
1,January,9,9,76
1,January,10,10,82
1,January,11,11,77
1,January,12,12,75
1,January,13,13,72
1,January,14,14,83
1,January,15,15,91
1,January,16,16,77
1,January,17,17,86
1,January,18,18,88
1,January,19,19,77
1,January,20,20,87
1,January,21,21,82
1,January,22,22,83
1,January,23,23,86
1,January,24,24,76
1,January,25,25,92
1,January,26,26,86
1,January,27,27,77
1,January,28,28,67
1,January,29,29,79
1,January,30,30,82
1,January,31,31,79
2,February,1,32,79
2,February,2,33,82
2,February,3,34,78
2,February,4,35,72
2,February,5,36,80
2,February,6,37,76
2,February,7,38,68
2,February,8,39,79
2,February,9,40,71
2,February,10,41,94
2,February,11,42,76
2,February,12,43,79
2,February,13,44,75
2,February,14,45,106
2,February,15,46,85
2,February,16,47,87
2,February,17,48,83
2,February,18,49,72
2,February,19,50,67
2,February,20,51,67
2,February,21,52,73
2,February,22,53,82
2,February,23,54,86
2,February,24,55,86
2,February,25,56,87
2,February,26,57,86
2,February,27,58,79
2,February,28,59,96
2,February,29,60,18
3,March,1,61,78
3,March,2,62,81
3,March,3,63,81
3,March,4,64,80
3,March,5,65,71
3,March,6,66,81
3,March,7,67,88
3,March,8,68,69
3,March,9,69,75
3,March,10,70,86
3,March,11,71,80
3,March,12,72,84
3,March,13,73,77
3,March,14,74,64
3,March,15,75,87
3,March,16,76,82
3,March,17,77,82
3,March,18,78,82
3,March,19,79,86
3,March,20,80,76
3,March,21,81,88
3,March,22,82,80
3,March,23,83,61
3,March,24,84,65
3,March,25,85,65
3,March,26,86,67
3,March,27,87,81
3,March,28,88,87
3,March,29,89,73
3,March,30,90,72
3,March,31,91,79
4,April,1,92,59
4,April,2,93,76
4,April,3,94,65
4,April,4,95,75
4,April,5,96,67
4,April,6,97,80
4,April,7,98,67
4,April,8,99,79
4,April,9,100,71
4,April,10,101,69
4,April,11,102,74
4,April,12,103,76
4,April,13,104,72
4,April,14,105,66
4,April,15,106,80
4,April,16,107,66
4,April,17,108,68
4,April,18,109,72
4,April,19,110,76
4,April,20,111,62
4,April,21,112,70
4,April,22,113,76
4,April,23,114,70
4,April,24,115,65
4,April,25,116,59
4,April,26,117,89
4,April,27,118,87
4,April,28,119,70
4,April,29,120,61
4,April,30,121,74
5,May,1,122,70
5,May,2,123,71
5,May,3,124,66
5,May,4,125,79
5,May,5,126,92
5,May,6,127,70
5,May,7,128,72
5,May,8,129,78
5,May,9,130,82
5,May,10,131,78
5,May,11,132,61
5,May,12,133,61
5,May,13,134,57
5,May,14,135,61
5,May,15,136,68
5,May,16,137,67
5,May,17,138,77
5,May,18,139,75
5,May,19,140,74
5,May,20,141,62
5,May,21,142,72
5,May,22,143,69
5,May,23,144,66
5,May,24,145,63
5,May,25,146,74
5,May,26,147,62
5,May,27,148,68
5,May,28,149,74
5,May,29,150,58
5,May,30,151,71
5,May,31,152,73
6,June,1,153,67
6,June,2,154,66
6,June,3,155,54
6,June,4,156,78
6,June,5,157,63
6,June,6,158,75
6,June,7,159,48
6,June,8,160,59
6,June,9,161,74
6,June,10,162,72
6,June,11,163,68
6,June,12,164,63
6,June,13,165,62
6,June,14,166,99
6,June,15,167,69
6,June,16,168,70
6,June,17,169,80
6,June,18,170,74
6,June,19,171,73
6,June,20,172,78
6,June,21,173,81
6,June,22,174,66
6,June,23,175,93
6,June,24,176,73
6,June,25,177,60
6,June,26,178,58
6,June,27,179,71
6,June,28,180,72
6,June,29,181,74
6,June,30,182,60
7,July,1,183,88
7,July,2,184,76
7,July,3,185,78
7,July,4,186,57
7,July,5,187,67
7,July,6,188,76
7,July,7,189,77
7,July,8,190,67
7,July,9,191,70
7,July,10,192,82
7,July,11,193,79
7,July,12,194,89
7,July,13,195,53
7,July,14,196,75
7,July,15,197,68
7,July,16,198,69
7,July,17,199,82
7,July,18,200,74
7,July,19,201,67
7,July,20,202,63
7,July,21,203,83
7,July,22,204,65
7,July,23,205,72
7,July,24,206,90
7,July,25,207,87
7,July,26,208,76
7,July,27,209,71
7,July,28,210,87
7,July,29,211,59
7,July,30,212,74
7,July,31,213,74
8,August,1,214,64
8,August,2,215,58
8,August,3,216,77
8,August,4,217,75
8,August,5,218,68
8,August,6,219,69
8,August,7,220,78
8,August,8,221,85
8,August,9,222,94
8,August,10,223,78
8,August,11,224,74
8,August,12,225,79
8,August,13,226,67
8,August,14,227,78
8,August,15,228,75
8,August,16,229,78
8,August,17,230,80
8,August,18,231,73
8,August,19,232,77
8,August,20,233,77
8,August,21,234,58
8,August,22,235,80
8,August,23,236,80
8,August,24,237,72
8,August,25,238,72
8,August,26,239,71
8,August,27,240,77
8,August,28,241,70
8,August,29,242,77
8,August,30,243,74
8,August,31,244,77
9,September,1,245,87
9,September,2,246,82
9,September,3,247,84
9,September,4,248,71
9,September,5,249,69
9,September,6,250,81
9,September,7,251,94
9,September,8,252,102
9,September,9,253,75
9,September,10,254,85
9,September,11,255,71
9,September,12,256,72
9,September,13,257,78
9,September,14,258,87
9,September,15,259,82
9,September,16,260,100
9,September,17,261,65
9,September,18,262,93
9,September,19,263,77
9,September,20,264,83
9,September,21,265,86
9,September,22,266,86
9,September,23,267,79
9,September,24,268,69
9,September,25,269,78
9,September,26,270,77
9,September,27,271,65
9,September,28,272,81
9,September,29,273,70
9,September,30,274,77
10,October,1,275,66
10,October,2,276,80
10,October,3,277,77
10,October,4,278,81
10,October,5,279,63
10,October,6,280,81
10,October,7,281,79
10,October,8,282,76
10,October,9,283,82
10,October,10,284,81
10,October,11,285,65
10,October,12,286,93
10,October,13,287,76
10,October,14,288,79
10,October,15,289,67
10,October,16,290,68
10,October,17,291,79
10,October,18,292,69
10,October,19,293,63
10,October,20,294,81
10,October,21,295,68
10,October,22,296,68
10,October,23,297,86
10,October,24,298,78
10,October,25,299,73
10,October,26,300,84
10,October,27,301,59
10,October,28,302,74
10,October,29,303,75
10,October,30,304,74
10,October,31,305,65
11,November,1,306,73
11,November,2,307,80
11,November,3,308,74
11,November,4,309,94
11,November,5,310,72
11,November,6,311,83
11,November,7,312,84
11,November,8,313,72
11,November,9,314,67
11,November,10,315,78
11,November,11,316,74
11,November,12,317,94
11,November,13,318,60
11,November,14,319,85
11,November,15,320,87
11,November,16,321,61
11,November,17,322,84
11,November,18,323,70
11,November,19,324,88
11,November,20,325,71
11,November,21,326,74
11,November,22,327,90
11,November,23,328,82
11,November,24,329,78
11,November,25,330,61
11,November,26,331,52
11,November,27,332,75
11,November,28,333,63
11,November,29,334,71
11,November,30,335,72
12,December,1,336,80
12,December,2,337,55
12,December,3,338,63
12,December,4,339,75
12,December,5,340,89
12,December,6,341,71
12,December,7,342,70
12,December,8,343,88
12,December,9,344,71
12,December,10,345,84
12,December,11,346,84
12,December,12,347,94
12,December,13,348,73
12,December,14,349,67
12,December,15,350,84
12,December,16,351,75
12,December,17,352,78
12,December,18,353,87
12,December,19,354,84
12,December,20,355,73
12,December,21,356,81
12,December,22,357,70
12,December,23,358,82
12,December,24,359,71
12,December,25,360,70
12,December,26,361,62
12,December,27,362,86
12,December,28,363,72
12,December,29,364,75
12,December,30,365,79
12,December,31,366,85
NA,NA,NA,367,39
