country,iso2,iso3,iso_numeric,g_whoregion,year,tx_dstb,budget_cpp_dstb,tx_mdr,budget_cpp_mdr,tx_xdr,budget_cpp_xdr,budget_lab,cf_lab,budget_staff,cf_staff,budget_fld,cf_fld,budget_prog,cf_prog,budget_sld,cf_sld,budget_mdrmgt,cf_mdrmgt,budget_tbhiv,cf_tbhiv,budget_patsup,cf_patsup,budget_orsrvy,cf_orsrvy,budget_oth,cf_oth,budget_tot,cf_tot,cf_tot_domestic,cf_tot_gf,cf_tot_usaid,cf_tot_grnt,cf_tot_sources
Afghanistan,AF,AFG,004,EMR,2018,52000,40,450,1400,12,3100,2543262,2473391,761828,741545,1984186,1290087,3611414,1605385,1122500,818800,234048,437208,24956,0,450000,74629,149160,344940,NA,2912498,10881354,10698483,533779,3178499,4462530,2523675,10698483
Afghanistan,AF,AFG,004,EMR,2019,53000,50,585,1500,15,2000,2797414,2208668,915527,871931,2650000,2078892,3253362,1560797,907500,1028209,553748,112990,16800,0,409580,327664,109160,59000,5344361,5171641,16957452,13419792,511854,6533095,2766449,3608394,13419792
Albania,AL,ALB,008,EUR,2018,NA,NA,NA,NA,NA,NA,NA,NA,NA,NA,NA,NA,NA,NA,NA,NA,NA,NA,NA,NA,NA,NA,NA,NA,NA,NA,0,NA,NA,NA,NA,NA,NA
Albania,AL,ALB,008,EUR,2019,NA,NA,NA,NA,NA,NA,NA,NA,NA,NA,NA,NA,NA,NA,NA,NA,NA,NA,NA,NA,NA,NA,NA,NA,NA,NA,NA,NA,NA,NA,NA,NA,NA
Algeria,DZ,DZA,012,AFR,2018,23000,NA,100,NA,10,NA,NA,NA,NA,NA,NA,NA,NA,NA,NA,NA,NA,NA,NA,NA,NA,NA,NA,NA,NA,NA,NA,NA,NA,NA,NA,NA,NA
Algeria,DZ,DZA,012,AFR,2019,23500,17,80,1120,10,NA,NA,NA,NA,NA,NA,NA,NA,NA,NA,NA,NA,NA,NA,NA,NA,NA,NA,NA,NA,NA,NA,NA,NA,NA,NA,NA,NA
American Samoa,AS,ASM,016,WPR,2018,NA,NA,NA,NA,NA,NA,NA,NA,NA,NA,NA,NA,NA,NA,NA,NA,NA,NA,NA,NA,NA,NA,NA,NA,NA,NA,4000,NA,NA,NA,NA,NA,NA
American Samoa,AS,ASM,016,WPR,2019,NA,NA,NA,NA,NA,NA,NA,NA,NA,NA,NA,NA,NA,NA,NA,NA,NA,NA,NA,NA,NA,NA,NA,NA,NA,NA,100000,NA,NA,NA,NA,NA,NA
Andorra,AD,AND,020,EUR,2018,NA,NA,NA,NA,NA,NA,NA,NA,NA,NA,NA,NA,NA,NA,NA,NA,NA,NA,NA,NA,NA,NA,NA,NA,NA,NA,17000,NA,NA,NA,NA,NA,NA
Andorra,AD,AND,020,EUR,2019,NA,NA,NA,NA,NA,NA,NA,NA,NA,NA,NA,NA,NA,NA,NA,NA,NA,NA,NA,NA,NA,NA,NA,NA,NA,NA,15000,NA,NA,NA,NA,NA,NA
Angola,AO,AGO,024,AFR,2018,74587,358,2296,1480,55,NA,1526820,500000,1572700,1572700,26702146,1372863,4910480,2500000,3398080,1900000,1742900,NA,961400,210000,0,NA,1067000,NA,4000000,900000,45881526,8955563,3293147,4972863,0,689553,8955563
Angola,AO,AGO,024,AFR,2019,72151,358,1962,3748,20,4800,17133500,7216284,1572700,1572700,25830058,4800000,4910480,2500000,7317558,3658779,1742900,0,2929000,361000,0,0,1067000,0,4000000,0,66503196,20108763,13692478,2416285,0,4000000,20108763
Anguilla,AI,AIA,660,AMR,2018,NA,NA,NA,NA,NA,NA,NA,NA,NA,NA,NA,NA,NA,NA,NA,NA,NA,NA,NA,NA,NA,NA,NA,NA,NA,NA,NA,NA,NA,NA,NA,NA,NA
Anguilla,AI,AIA,660,AMR,2019,NA,NA,NA,NA,NA,NA,NA,NA,NA,NA,NA,NA,NA,NA,NA,NA,NA,NA,NA,NA,NA,NA,NA,NA,NA,NA,NA,NA,NA,NA,NA,NA,NA
Antigua and Barbuda,AG,ATG,028,AMR,2018,NA,NA,NA,NA,NA,NA,NA,NA,NA,NA,NA,NA,NA,NA,NA,NA,NA,NA,NA,NA,NA,NA,NA,NA,NA,NA,NA,NA,NA,NA,NA,NA,NA
Antigua and Barbuda,AG,ATG,028,AMR,2019,NA,NA,NA,NA,NA,NA,NA,NA,NA,NA,NA,NA,NA,NA,NA,NA,NA,NA,NA,NA,NA,NA,NA,NA,NA,NA,NA,NA,NA,NA,NA,NA,NA
Argentina,AR,ARG,032,AMR,2018,13000,274,200,6000,20,20000,263032,263032,0,0,3562000,3562000,61200,61200,1300000,1300000,0,0,0,0,0,0,3000,3000,0,0,5189232,5189232,5189232,0,0,0,5189232
Argentina,AR,ARG,032,AMR,2019,13000,147,200,1182,20,5006,263032,263032,0,0,1911000,1911000,0,0,336520,336520,0,0,0,0,0,0,0,0,0,0,2510552,2510552,2510552,0,0,0,2510552
Armenia,AM,ARM,051,EUR,2018,807,NA,103,NA,24,NA,422187,422187,2557476,2557476,55000,55000,62591,62591,0,0,1119634,1119634,4500,4500,228564,228564,0,0,2378816,2378816,6828768,6828768,2520982,4307786,0,0,6828768
Armenia,AM,ARM,051,EUR,2019,775,NA,96,NA,24,NA,164346,164346,73866,73866,74089,74089,NA,NA,402000,402000,25000,25000,0,0,303283,303283,0,0,162174,162174,1204758,1204758,74089,1130669,0,0,1204758
Aruba,AW,ABW,533,AMR,2018,NA,NA,NA,NA,NA,NA,NA,NA,NA,NA,NA,NA,NA,NA,NA,NA,NA,NA,NA,NA,NA,NA,NA,NA,NA,NA,NA,NA,NA,NA,NA,NA,NA
Aruba,AW,ABW,533,AMR,2019,NA,NA,NA,NA,NA,NA,NA,NA,NA,NA,NA,NA,NA,NA,NA,NA,NA,NA,NA,NA,NA,NA,NA,NA,NA,NA,NA,NA,NA,NA,NA,NA,NA
Australia,AU,AUS,036,WPR,2018,NA,NA,NA,NA,NA,NA,NA,NA,NA,NA,NA,NA,NA,NA,NA,NA,NA,NA,NA,NA,NA,NA,NA,NA,NA,NA,NA,NA,NA,NA,NA,NA,NA
Australia,AU,AUS,036,WPR,2019,NA,NA,NA,NA,NA,NA,NA,NA,NA,NA,NA,NA,NA,NA,NA,NA,NA,NA,NA,NA,NA,NA,NA,NA,NA,NA,NA,NA,NA,NA,NA,NA,NA
Austria,AT,AUT,040,EUR,2018,NA,NA,NA,NA,NA,NA,NA,NA,NA,NA,NA,NA,NA,NA,NA,NA,NA,NA,NA,NA,NA,NA,NA,NA,NA,NA,NA,NA,NA,NA,NA,NA,NA
Austria,AT,AUT,040,EUR,2019,NA,NA,NA,NA,NA,NA,NA,NA,NA,NA,NA,NA,NA,NA,NA,NA,NA,NA,NA,NA,NA,NA,NA,NA,NA,NA,NA,NA,NA,NA,NA,NA,NA
Azerbaijan,AZ,AZE,031,EUR,2018,NA,NA,NA,NA,NA,NA,NA,NA,NA,NA,NA,NA,NA,NA,NA,NA,NA,NA,NA,NA,NA,NA,NA,NA,NA,NA,NA,NA,NA,NA,NA,NA,NA
Azerbaijan,AZ,AZE,031,EUR,2019,7000,40,850,5100,180,5100,896894,896894,10320365,10320365,300000,300000,4903271,4903271,5253000,4113569,201587,201587,41580,41580,NA,NA,NA,NA,107963,107963,22024660,20885229,16487435,4397794,NA,NA,20885229
Bahamas,BS,BHS,044,AMR,2018,NA,NA,NA,NA,NA,NA,NA,NA,NA,NA,NA,NA,NA,NA,NA,NA,NA,NA,NA,NA,NA,NA,NA,NA,NA,NA,NA,NA,NA,NA,NA,NA,NA
Bahamas,BS,BHS,044,AMR,2019,NA,NA,NA,NA,NA,NA,NA,NA,NA,NA,NA,NA,NA,NA,NA,NA,NA,NA,NA,NA,NA,NA,NA,NA,NA,NA,NA,NA,NA,NA,NA,NA,NA
Bahrain,BH,BHR,048,EMR,2018,NA,NA,NA,NA,NA,NA,NA,NA,NA,NA,NA,NA,NA,NA,NA,NA,NA,NA,NA,NA,NA,NA,NA,NA,NA,NA,NA,NA,NA,NA,NA,NA,NA
Bahrain,BH,BHR,048,EMR,2019,NA,NA,NA,NA,NA,NA,NA,NA,NA,NA,NA,NA,NA,NA,NA,NA,NA,NA,NA,NA,NA,NA,NA,NA,NA,NA,NA,NA,NA,NA,NA,NA,NA
Bangladesh,BD,BGD,050,SEA,2018,237000,43,1306,2118,8,9224,22368855,8004443,17313659,15660486,9498160,9498160,3489353,2728045,2666080,2988846,23181,15412,15536,210817,2321552,1028548,49336,9471,8695031,6005416,66440743,46149644,9498160,36651484,0,0,46149644
Bangladesh,BD,BGD,050,SEA,2019,287000,39,1486,1766,120,4814,32123255,12753612,20323571,21387575,272500,7380262,9012387,18533099,10895596,3286012,481339,1457296,23970,139899,4539288,990664,223437,111020,1807810,2061714,79703153,68101153,18153743,36966056,12981354,0,68101153
Barbados,BB,BRB,052,AMR,2018,NA,NA,NA,NA,NA,NA,NA,NA,NA,NA,NA,NA,NA,NA,NA,NA,NA,NA,NA,NA,NA,NA,NA,NA,NA,NA,0,NA,NA,NA,NA,NA,NA
Barbados,BB,BRB,052,AMR,2019,NA,NA,NA,NA,NA,NA,NA,NA,NA,NA,NA,NA,NA,NA,NA,NA,NA,NA,NA,NA,NA,NA,NA,NA,NA,NA,0,NA,NA,NA,NA,NA,NA
Belarus,BY,BLR,112,EUR,2018,2100,50,1300,4500,450,7600,1378674,1378674,NA,NA,105000,105000,NA,NA,9270000,6430347,NA,NA,2878,2878,402983,402983,18600,18600,NA,NA,11178135,8338482,4457692,3106394,NA,774396,8338482
Belarus,BY,BLR,112,EUR,2019,1110,50,870,9200,430,11735,1901223,1901223,54665,54665,87248,87248,NA,NA,5662909,5662909,248184,248184,250877,250877,497280,497280,331397,331397,609012,609012,9642795,9642795,4253882,4148972,0,1239941,9642795
Belgium,BE,BEL,056,EUR,2018,NA,NA,NA,NA,NA,NA,NA,NA,NA,NA,NA,NA,NA,NA,NA,NA,NA,NA,NA,NA,NA,NA,NA,NA,NA,NA,NA,NA,NA,NA,NA,NA,NA
Belgium,BE,BEL,056,EUR,2019,NA,NA,NA,NA,NA,NA,NA,NA,NA,NA,NA,NA,NA,NA,NA,NA,NA,NA,NA,NA,NA,NA,NA,NA,NA,NA,NA,NA,NA,NA,NA,NA,NA
Belize,BZ,BLZ,084,AMR,2018,120,73,2,3160,0,0,53900,53900,182705,182705,8760,8760,115750,115750,6320,6320,9025,9025,30500,30500,60489,60489,33000,33000,0,0,500449,500449,33655,466794,0,0,500449
Belize,BZ,BLZ,084,AMR,2019,120,73,2,3160,0,0,53900,15750,182705,182705,8760,8760,115750,12000,6320,6320,9025,NA,30500,13250,60489,28880,33000,NA,NA,NA,500449,267665,101000,166665,0,0,267665
Benin,BJ,BEN,204,AFR,2018,4278,62,24,734,2,6114,606750,579090,834567,552602,278657,261822,685419,676715,45678,39647,621500,350893,506789,404065,355908,345133,223196,18125,308293,36501,4466757,3264593,350893,2913700,0,0,3264593
Benin,BJ,BEN,204,AFR,2019,4389,20,26,1272,2,5640,587082,540007,736084,523130,175401,95073,1486242,868544,56181,44861,104816,10349,19805,18458,381501,210260,64147,55302,0,0,3611259,2365984,250788,2081757,0,33439,2365984
Bermuda,BM,BMU,060,AMR,2018,NA,NA,NA,NA,NA,NA,NA,NA,NA,NA,NA,NA,NA,NA,NA,NA,NA,NA,NA,NA,NA,NA,NA,NA,NA,NA,NA,NA,NA,NA,NA,NA,NA
Bermuda,BM,BMU,060,AMR,2019,NA,NA,NA,NA,NA,NA,NA,NA,NA,NA,NA,NA,NA,NA,NA,NA,NA,NA,NA,NA,NA,NA,NA,NA,NA,NA,NA,NA,NA,NA,NA,NA,NA
Bhutan,BT,BTN,064,SEA,2018,1400,31,75,608,NA,NA,602850,194400,0,0,43400,42500,223398,85734,45600,45565,46000,36247,40450,6000,0,0,26350,5000,671763,671763,1699811,1087209,608335,478874,NA,NA,1087209
Bhutan,BT,BTN,064,SEA,2019,1100,119,180,2057,0,0,167450,54200,13432,5543,36300,5000,346600,195536,118400,96034,45376,21971,33360,17550,21200,7143,10000,5900,0,0,792118,408877,12857,381263,0,14757,408877
Bolivia (Plurinational State of),BO,BOL,068,AMR,2018,8372,68,138,4741,1,10500,2702506,2702506,193625,193625,717302,717302,1210489,1210489,151839,151839,0,0,66764,66764,748918,748918,17718,17718,577593,577593,6386754,6386754,1113122,5273632,0,0,6386754
Bolivia (Plurinational State of),BO,BOL,068,AMR,2019,7854,81,167,1389,1,9454,3042127,3042127,422141,422141,1278292,1278292,465892,465892,191122,191122,66164,66164,74131,74131,144276,144276,0,0,1180009,1180009,6864154,6864154,1861700,5002454,0,0,6864154
Bosnia and Herzegovina,BA,BIH,070,EUR,2018,700,112,1,8000,0,NA,3196979,3196979,126184,126184,78400,78400,4498358,4498358,8000,8000,25000,25000,30100,30100,10300,10300,NA,NA,3350,3350,7976671,7976671,7976671,NA,NA,NA,7976671
Bosnia and Herzegovina,BA,BIH,070,EUR,2019,608,290,2,8000,NA,NA,568307,568307,2218262,2218262,176608,176608,1760,1760,16000,16000,NA,NA,NA,NA,6949,6949,NA,NA,11429,11429,2999315,2999315,2997555,1760,0,0,2999315
Botswana,BW,BWA,072,AFR,2018,5400,257,165,6700,10,10000,2197214,2197214,1080000,1080000,1387800,1387800,349022,349022,1205550,1205550,297834,297834,177851,177851,616329,616329,1057299,0,4202995,926855,12571894,8238455,5838455,1900000,500000,0,8238455
Botswana,BW,BWA,072,AFR,2019,5400,257,150,6700,15,6700,1168144,471319,1260000,1260000,1387800,1318410,509123,407298,1105500,994950,575400,385498,167567,117296,580694,290347,755984,529188,948422,295543,8458634,6069849,5069849,600000,300000,100000,6069849
Brazil,BR,BRA,076,AMR,2018,86000,45,1100,2913,30,15404,5500000,5339198,12000000,9631756,4054118,4054118,21000000,17855630,3116569,3116569,3000000,1729605,2000000,989014,NA,NA,6000000,5271458,NA,NA,56670687,47987348,47987348,0,0,0,47987348
Brazil,BR,BRA,076,AMR,2019,93000,36,1300,3332,20,5999,7142388,7142388,660802,660802,3284772,3284772,19509342,19509342,3835337,3835337,1302137,1302137,181318,181318,NA,NA,2136289,2136289,117000,117000,38169385,38169385,38052385,NA,NA,117000,38169385
British Virgin Islands,VG,VGB,092,AMR,2018,NA,NA,NA,NA,NA,NA,NA,NA,NA,NA,NA,NA,NA,NA,NA,NA,NA,NA,NA,NA,NA,NA,NA,NA,NA,NA,NA,NA,NA,NA,NA,NA,NA
British Virgin Islands,VG,VGB,092,AMR,2019,NA,NA,NA,NA,NA,NA,NA,NA,NA,NA,NA,NA,NA,NA,NA,NA,NA,NA,NA,NA,NA,NA,NA,NA,NA,NA,NA,NA,NA,NA,NA,NA,NA
Brunei Darussalam,BN,BRN,096,WPR,2018,NA,NA,NA,NA,NA,NA,NA,NA,NA,NA,NA,NA,NA,NA,NA,NA,NA,NA,NA,NA,NA,NA,NA,NA,NA,NA,NA,NA,NA,NA,NA,NA,NA
Brunei Darussalam,BN,BRN,096,WPR,2019,NA,NA,NA,NA,NA,NA,NA,NA,NA,NA,NA,NA,NA,NA,NA,NA,NA,NA,NA,NA,NA,NA,NA,NA,NA,NA,NA,NA,NA,NA,NA,NA,NA
Bulgaria,BG,BGR,100,EUR,2018,1492,151,34,1770,1,1866,75077,75077,7068749,7068749,225212,225212,832014,832014,62405,62405,48658,48658,0,0,111333,111333,0,0,411569,411569,8835017,8835017,7449884,1385133,0,0,8835017
Bulgaria,BG,BGR,100,EUR,2019,1320,141,35,0,0,0,347747,347747,6423646,6423646,186234,186234,373138,373138,0,0,0,0,0,0,0,0,0,0,324373,324373,7655138,7655138,7655138,0,0,0,7655138
Burkina Faso,BF,BFA,854,AFR,2018,6408,1598,84,0,5,387,1886405,916392,229289,10207,500883,305075,4734956,2237201,115379,115379,36568,7318,119786,34720,907254,907254,88500,88500,62838,5800,8681858,4627846,521867,4100179,0,5800,4627846
Burkina Faso,BF,BFA,854,AFR,2019,6552,18,97,423,10,1594,2313821,2069078,229289,92573,441383,370229,6278431,597808,140267,115106,36568,16804,30307,2820,961803,184701,245000,88500,68638,30800,10745507,3568419,303318,3265101,NA,NA,3568419
Burundi,BI,BDI,108,AFR,2018,8447,42,147,817,0,0,NA,NA,NA,NA,NA,NA,NA,NA,NA,NA,NA,NA,NA,NA,NA,NA,NA,NA,NA,NA,NA,NA,NA,NA,NA,NA,NA
Burundi,BI,BDI,108,AFR,2019,8870,529,157,2528,0,0,383038,NA,2093695,NA,921585,NA,138000,NA,763023,NA,0,NA,89894,NA,428241,NA,380000,NA,NA,695829,5197476,695829,73099,622730,0,0,695829
Cabo Verde,CV,CPV,132,AFR,2018,260,60,5,1500,0,NA,11000,11000,21600,21600,15600,15600,10000,10000,8000,8000,NA,NA,20000,20000,0,0,NA,NA,NA,NA,86200,86200,66200,20000,0,NA,86200
Cabo Verde,CV,CPV,132,AFR,2019,250,60,5,1500,0,0,20000,20000,21600,21600,15000,15000,14000,14000,NA,NA,NA,NA,18000,18000,0,0,NA,NA,NA,NA,88600,88600,77000,11600,0,0,88600
Cambodia,KH,KHM,116,WPR,2018,35000,30,140,2500,NA,NA,3658217,1594549,8408491,3068829,1335340,1335340,13523122,6725881,515619,248706,1856554,76522,943787,58566,1784452,174546,108426,0,4820101,5775,36954109,13288714,4559546,4979168,1700000,2050000,13288714
Cambodia,KH,KHM,116,WPR,2019,36000,38,150,2700,1,5000,3000000,1420931,8477562,3343864,1300000,1300000,11500000,5000000,537513,324503,1500000,100055,938452,66538,1700729,161285,108426,0,2000000,697674,31062682,12414850,5184850,5000000,1000000,1230000,12414850
Cameroon,CM,CMR,120,AFR,2018,29280,77,236,354,5,494,1323630,346870,989728,703524,2951455,768685,926114,192171,431738,66791,107934,16698,118203,0,2017699,308187,65000,0,1354020,1804333,10285521,4207259,1452071,2755188,0,NA,4207259
Cameroon,CM,CMR,120,AFR,2019,30459,74,300,418,5,NA,2270828,851500,989728,315414,1633991,693197,2623719,846130,502765,287621,160260,125360,54873,0,517243,66536,0,63947,1360177,1070622,10113584,4320327,784514,3535813,NA,NA,4320327
Canada,CA,CAN,124,AMR,2018,NA,NA,NA,NA,NA,NA,NA,NA,NA,NA,NA,NA,NA,NA,NA,NA,NA,NA,NA,NA,NA,NA,NA,NA,NA,NA,NA,NA,NA,NA,NA,NA,NA
Canada,CA,CAN,124,AMR,2019,NA,NA,NA,NA,NA,NA,NA,NA,NA,NA,NA,NA,NA,NA,NA,NA,NA,NA,NA,NA,NA,NA,NA,NA,NA,NA,NA,NA,NA,NA,NA,NA,NA
Cayman Islands,KY,CYM,136,AMR,2018,NA,NA,NA,NA,NA,NA,NA,NA,NA,NA,NA,NA,NA,NA,NA,NA,NA,NA,NA,NA,NA,NA,NA,NA,NA,NA,NA,NA,NA,NA,NA,NA,NA
Cayman Islands,KY,CYM,136,AMR,2019,NA,NA,NA,NA,NA,NA,NA,NA,NA,NA,NA,NA,NA,NA,NA,NA,NA,NA,NA,NA,NA,NA,NA,NA,NA,NA,NA,NA,NA,NA,NA,NA,NA
Central African Republic,CF,CAF,140,AFR,2018,10959,25,95,2000,2,2500,219973,209160,427639,302582,300740,188090,300000,200000,200000,36848,100000,62107,80000,11565,250000,250000,25000,25000,NA,NA,1903352,1285352,272484,1012868,NA,NA,1285352
Central African Republic,CF,CAF,140,AFR,2019,12054,40,82,1192,NA,NA,495430,495430,427639,427639,481516,481516,709668,405938,97803,97803,566665,34751,0,0,80836,6033,0,0,0,0,2859557,1949110,772672,1036438,60000,80000,1949110
Chad,TD,TCD,148,AFR,2018,14952,NA,95,NA,2,NA,94783,48235,110345,120106,1105323,624700,1489555,1056370,0,0,0,0,0,0,171719,171203,0,0,0,0,2971725,2020614,NA,2020614,NA,NA,2020614
Chad,TD,TCD,148,AFR,2019,13548,26,92,646,3,10453,1038826,660238,623115,119724,704496,559144,1096778,457341,137305,137305,166916,50000,89979,41782,315421,36569,108829,0,553353,27115,4835018,2089218,357142,1732076,0,0,2089218
Chile,CL,CHL,152,AMR,2018,2800,80,30,4000,1,10000,NA,NA,3000000,250000,NA,NA,NA,NA,NA,NA,NA,NA,NA,NA,NA,NA,NA,NA,NA,NA,3000000,250000,250000,NA,NA,NA,250000
Chile,CL,CHL,152,AMR,2019,3000,100,100,7000,5,12000,NA,NA,NA,NA,NA,NA,NA,NA,800000,0,NA,NA,NA,NA,NA,NA,NA,NA,3500000,250000,4300000,250000,250000,0,0,0,250000
China,CN,CHN,156,WPR,2018,773148,48,8000,12041,NA,NA,11047619,11047619,137934914,137934914,36816571,36816571,285220215,246543967,96330159,67431111,20209524,20209524,NA,NA,NA,NA,21038835,21038835,NA,NA,608597837,541022541,527810103,NA,NA,13212438,541022541
China,CN,CHN,156,WPR,2019,777556,76,9009,17685,NA,NA,33671641,33671641,146348944,146348944,59094256,59094256,258935821,258935821,159324165,111526915,27140299,27140299,NA,NA,NA,NA,34300650,34300650,0,0,718815776,671018526,664180563,0,0,6837963,671018526
"China, Hong Kong SAR",HK,HKG,344,WPR,2018,NA,NA,NA,NA,NA,NA,NA,NA,NA,NA,NA,NA,NA,NA,NA,NA,NA,NA,NA,NA,NA,NA,NA,NA,NA,NA,NA,NA,NA,NA,NA,NA,NA
"China, Hong Kong SAR",HK,HKG,344,WPR,2019,NA,NA,NA,NA,NA,NA,NA,NA,NA,NA,NA,NA,NA,NA,NA,NA,NA,NA,NA,NA,NA,NA,NA,NA,NA,NA,47000000,NA,NA,NA,NA,NA,NA
"China, Macao SAR",MO,MAC,446,WPR,2018,NA,NA,NA,NA,NA,NA,NA,NA,NA,NA,NA,NA,NA,NA,NA,NA,NA,NA,NA,NA,NA,NA,NA,NA,NA,NA,NA,NA,NA,NA,NA,NA,NA
"China, Macao SAR",MO,MAC,446,WPR,2019,NA,NA,NA,NA,NA,NA,NA,NA,NA,NA,NA,NA,NA,NA,NA,NA,NA,NA,NA,NA,NA,NA,NA,NA,NA,NA,NA,NA,NA,NA,NA,NA,NA
Colombia,CO,COL,170,AMR,2018,15300,27,200,2500,2,0,167000,83000,5500000,1630000,413000,413000,700000,600000,500000,375000,900000,610000,900000,30000,3000000,0,20000,0,0,0,12100000,3741000,3741000,0,0,0,3741000
Colombia,CO,COL,170,AMR,2019,14792,37,184,2487,20,14957,227087,227087,1767877,1589606,547304,547304,227087,227087,756748,756748,900000,610000,NA,NA,NA,NA,227087,227087,NA,NA,4653190,4184919,4184919,NA,NA,NA,4184919
Comoros,KM,COM,174,AFR,2018,NA,NA,NA,NA,NA,NA,NA,NA,NA,NA,NA,NA,NA,NA,NA,NA,NA,NA,NA,NA,NA,NA,NA,NA,NA,NA,540000,NA,NA,NA,NA,NA,NA
Comoros,KM,COM,174,AFR,2019,NA,NA,NA,NA,NA,NA,NA,NA,NA,NA,NA,NA,NA,NA,NA,NA,NA,NA,NA,NA,NA,NA,NA,NA,NA,NA,445979,NA,NA,NA,NA,NA,NA
Congo,CG,COG,178,AFR,2018,11628,19,70,1647,0,0,101806,101806,0,0,217394,217394,1091802,1091802,115312,115312,0,0,0,0,0,0,0,0,0,0,1526314,1526314,1091802,434512,0,0,1526314
Congo,CG,COG,178,AFR,2019,12689,19,120,538,0,0,101507,101507,4961,4961,241091,241091,30280,30280,64519,64519,308329,308329,61819,61819,24635,24635,85539,85539,0,0,922680,922680,52324,870356,0,0,922680
Cook Islands,CK,COK,184,WPR,2018,NA,NA,NA,NA,NA,NA,NA,NA,NA,NA,NA,NA,NA,NA,NA,NA,NA,NA,NA,NA,NA,NA,NA,NA,NA,NA,25896,NA,NA,NA,NA,NA,NA
Cook Islands,CK,COK,184,WPR,2019,NA,NA,NA,NA,NA,NA,NA,NA,NA,NA,NA,NA,NA,NA,NA,NA,NA,NA,NA,NA,NA,NA,NA,NA,NA,NA,29982,NA,NA,NA,NA,NA,NA
Costa Rica,CR,CRI,188,AMR,2018,NA,NA,NA,NA,NA,NA,NA,NA,NA,NA,NA,NA,NA,NA,NA,NA,NA,NA,NA,NA,NA,NA,NA,NA,NA,NA,0,NA,NA,NA,NA,NA,NA
Costa Rica,CR,CRI,188,AMR,2019,NA,NA,NA,NA,NA,NA,NA,NA,NA,NA,NA,NA,NA,NA,NA,NA,NA,NA,NA,NA,NA,NA,NA,NA,NA,NA,0,NA,NA,NA,NA,NA,NA
Côte d'Ivoire,CI,CIV,384,AFR,2018,21043,NA,486,NA,10,NA,992290,513193,954509,627610,2022698,608051,10681348,1493547,1021349,511474,377259,40908,457129,68751,1722885,296044,104423,28362,165717,32067,18499607,4220007,362482,3671133,0,186392,4220007
Côte d'Ivoire,CI,CIV,384,AFR,2019,21339,NA,577,NA,25,NA,3230387,990674,1353069,598957,1931108,1162261,12406055,2381710,978941,460800,385359,96870,401053,262584,1650375,438205,40060,0,168860,408310,22545267,6800371,3490092,2698861,0,611418,6800371
Croatia,HR,HRV,191,EUR,2018,NA,NA,NA,NA,NA,NA,NA,NA,NA,NA,NA,NA,NA,NA,NA,NA,NA,NA,NA,NA,NA,NA,NA,NA,NA,NA,NA,NA,NA,NA,NA,NA,NA
Croatia,HR,HRV,191,EUR,2019,NA,NA,NA,NA,NA,NA,NA,NA,NA,NA,NA,NA,NA,NA,NA,NA,NA,NA,NA,NA,NA,NA,NA,NA,NA,NA,NA,NA,NA,NA,NA,NA,NA
Cuba,CU,CUB,192,AMR,2018,NA,NA,NA,NA,NA,NA,NA,NA,NA,NA,NA,NA,NA,NA,NA,NA,NA,NA,NA,NA,NA,NA,NA,NA,NA,NA,1076336,NA,NA,NA,NA,NA,NA
Cuba,CU,CUB,192,AMR,2019,NA,NA,NA,NA,NA,NA,NA,NA,NA,NA,NA,NA,NA,NA,NA,NA,NA,NA,NA,NA,NA,NA,NA,NA,NA,NA,1076336,NA,NA,NA,NA,NA,NA
Curaçao,CW,CUW,531,AMR,2018,NA,NA,NA,NA,NA,NA,NA,NA,NA,NA,NA,NA,NA,NA,NA,NA,NA,NA,NA,NA,NA,NA,NA,NA,NA,NA,NA,NA,NA,NA,NA,NA,NA
Curaçao,CW,CUW,531,AMR,2019,NA,NA,NA,NA,NA,NA,NA,NA,NA,NA,NA,NA,NA,NA,NA,NA,NA,NA,NA,NA,NA,NA,NA,NA,NA,NA,NA,NA,NA,NA,NA,NA,NA
Cyprus,CY,CYP,196,EUR,2018,NA,NA,NA,NA,NA,NA,NA,NA,NA,NA,NA,NA,NA,NA,NA,NA,NA,NA,NA,NA,NA,NA,NA,NA,NA,NA,NA,NA,NA,NA,NA,NA,NA
Cyprus,CY,CYP,196,EUR,2019,NA,NA,NA,NA,NA,NA,NA,NA,NA,NA,NA,NA,NA,NA,NA,NA,NA,NA,NA,NA,NA,NA,NA,NA,NA,NA,NA,NA,NA,NA,NA,NA,NA
Czechia,CZ,CZE,203,EUR,2018,NA,NA,NA,NA,NA,NA,NA,NA,NA,NA,NA,NA,NA,NA,NA,NA,NA,NA,NA,NA,NA,NA,NA,NA,NA,NA,NA,NA,NA,NA,NA,NA,NA
Czechia,CZ,CZE,203,EUR,2019,NA,NA,NA,NA,NA,NA,NA,NA,NA,NA,NA,NA,NA,NA,NA,NA,NA,NA,NA,NA,NA,NA,NA,NA,NA,NA,NA,NA,NA,NA,NA,NA,NA
Democratic People's Republic of Korea,KP,PRK,408,SEA,2018,116618,34,1600,1066,NA,NA,3689221,108700,2517300,2517300,9872144,120200,6390819,1236037,4547500,639600,1011100,286100,0,0,37401138,183100,1019569,171700,17390262,1367600,83839053,6630337,5721900,268837,0,639600,6630337
Democratic People's Republic of Korea,KP,PRK,408,SEA,2019,108048,29,2700,1056,NA,NA,4194415,438700,2580600,2580600,9180269,3275000,5557573,999400,3009000,2851200,7198796,305900,NA,NA,6999492,593500,255169,170100,10572573,1401800,49547887,12616200,5865100,4018900,0,2732200,12616200
Democratic Republic of the Congo,CD,COD,180,AFR,2018,180986,71,1727,3100,172,16450,7098269,3973483,5310169,4886695,14106754,7151954,18836191,8866354,8183100,2673142,5128822,1495887,5096855,1363357,1613520,158976,953377,692236,8000350,6281075,74327407,37543159,1500045,25666879,4601139,5775096,37543159
Democratic Republic of the Congo,CD,COD,180,AFR,2019,204702,30,1910,624,191,5145,6304718,1466023,5594703,1828732,9563233,5850392,9176576,8033644,3391880,2654960,571287,571287,2480114,1795366,4046033,1724963,1079214,692240,2277868,1626648,44485626,26244255,1711405,16431571,2242963,5858316,26244255
Denmark,DK,DNK,208,EUR,2018,NA,NA,NA,NA,NA,NA,NA,NA,NA,NA,NA,NA,NA,NA,NA,NA,NA,NA,NA,NA,NA,NA,NA,NA,NA,NA,NA,NA,NA,NA,NA,NA,NA
Denmark,DK,DNK,208,EUR,2019,NA,NA,NA,NA,NA,NA,NA,NA,NA,NA,NA,NA,NA,NA,NA,NA,NA,NA,NA,NA,NA,NA,NA,NA,NA,NA,NA,NA,NA,NA,NA,NA,NA
Djibouti,DJ,DJI,262,EMR,2018,938,104,73,840,6,4765,225491,225491,54322,54322,34345,34345,55549,55549,90416,90416,657,657,9790,9790,0,0,0,0,0,0,470570,470570,NA,470570,NA,NA,470570
Djibouti,DJ,DJI,262,EMR,2019,2269,25,72,907,6,4741,185000,0,250000,128836,57868,57868,200000,63445,93722,93722,0,0,60000,12310,150000,50000,35000,0,250000,120686,1281590,526867,NA,476867,50000,NA,526867
Dominica,DM,DMA,212,AMR,2018,NA,NA,NA,NA,NA,NA,NA,NA,NA,NA,NA,NA,NA,NA,NA,NA,NA,NA,NA,NA,NA,NA,NA,NA,NA,NA,NA,NA,NA,NA,NA,NA,NA
Dominica,DM,DMA,212,AMR,2019,NA,NA,NA,NA,NA,NA,NA,NA,NA,NA,NA,NA,NA,NA,NA,NA,NA,NA,NA,NA,NA,NA,NA,NA,NA,NA,NA,NA,NA,NA,NA,NA,NA
Dominican Republic,DO,DOM,214,AMR,2018,5036,64,215,1669,10,23610,981437,481437,10941251,10941251,323554,323554,2604101,1604101,594864,594864,900000,400000,1435000,735000,1550000,550000,740000,340000,5480000,5480000,25550207,21450207,16628094,4742113,80000,0,21450207
Dominican Republic,DO,DOM,214,AMR,2019,4743,64,189,1421,5,23610,1500000,1256566,11876804,11876804,303552,303552,7602124,2741671,386619,386619,5088475,2000000,1620026,236088,550000,119638,452561,340000,4000000,2000000,33380161,21260938,18978288,2282650,0,0,21260938
Ecuador,EC,ECU,218,AMR,2018,6647,24,156,1024,1,12613,356882,96381,NA,NA,331259,177073,NA,NA,388870,207868,NA,NA,NA,NA,NA,NA,NA,NA,NA,NA,1077011,481322,481322,NA,NA,NA,481322
Ecuador,EC,ECU,218,AMR,2019,7038,58,315,1150,10,10113,105098,105098,NA,NA,408881,408881,NA,NA,465735,465735,NA,NA,NA,NA,NA,NA,NA,NA,NA,NA,979714,979714,979714,0,0,0,979714
Egypt,EG,EGY,818,EMR,2018,8250,29,130,1054,2,1894,NA,NA,NA,NA,NA,NA,NA,NA,NA,NA,NA,NA,NA,NA,NA,NA,NA,NA,NA,NA,NA,NA,NA,NA,NA,NA,NA
Egypt,EG,EGY,818,EMR,2019,8500,NA,120,NA,NA,NA,NA,NA,NA,NA,NA,NA,NA,NA,NA,NA,NA,NA,NA,NA,NA,NA,NA,NA,NA,NA,NA,NA,NA,NA,NA,NA,NA
El Salvador,SV,SLV,222,AMR,2018,3288,38,19,2024,0,0,1048398,1048398,1275309,1275309,122557,122557,2188714,2188714,38469,38469,42396,42396,25849,25849,75208,75208,27083,27083,1057467,1057467,5901450,5901450,1465145,4426305,0,10000,5901450
El Salvador,SV,SLV,222,AMR,2019,4223,41,27,299,NA,NA,376900,376900,5385113,5385113,185741,185741,5186552,5186552,8064,8064,38807,38807,26544,26544,90104,90104,220886,220886,289047,289047,11807758,11807758,10110865,1696893,NA,NA,11807758
Equatorial Guinea,GQ,GNQ,226,AFR,2018,NA,NA,NA,NA,NA,NA,NA,NA,NA,NA,NA,NA,NA,NA,NA,NA,NA,NA,NA,NA,NA,NA,NA,NA,NA,NA,NA,NA,NA,NA,NA,NA,NA
Equatorial Guinea,GQ,GNQ,226,AFR,2019,2000,NA,50,NA,2,NA,101000,101000,60000,60000,57000,57000,NA,NA,61000,61000,NA,NA,50000,50000,NA,NA,NA,NA,NA,NA,329000,329000,329000,NA,NA,NA,329000
Eritrea,ER,ERI,232,AFR,2018,2772,57,40,2836,NA,NA,497684,497684,20000,20000,36891,36891,282532,282532,35124,35124,253245,253245,7100,7100,48000,48000,25000,25000,228864,228864,1434440,1434440,20000,1404440,0,10000,1434440
Eritrea,ER,ERI,232,AFR,2019,2186,43,40,3437,0,0,491096,491096,NA,NA,97911,97911,252159,252159,137482,137482,190145,190145,4700,4700,54000,54000,23460,23460,153535,153535,1404488,1404488,NA,1404488,NA,NA,1404488
Estonia,EE,EST,233,EUR,2018,160,90,30,8000,10,30000,18000,18000,42000,42000,14400,14400,450000,450000,540000,540000,80000,80000,700,700,45000,45000,0,0,10000,10000,1200100,1200100,1200100,NA,NA,NA,1200100
Estonia,EE,EST,233,EUR,2019,125,150,25,11000,5,30000,18000,18000,42000,42000,18750,18750,400000,400000,425000,425000,80000,80000,700,700,40000,40000,0,0,10000,10000,1034450,1034450,1034450,NA,NA,NA,1034450
Eswatini,SZ,SWZ,748,AFR,2018,3863,284,251,7466,12,29097,1962385,1962385,3413965,3413965,1097092,1097092,812745,812745,2136470,2136470,788746,788746,143862,143862,182532,182532,1961971,1961971,0,0,12499768,12499768,1738295,5713115,NA,5048358,12499768
Eswatini,SZ,SWZ,748,AFR,2019,3751,284,346,7466,12,29097,672330,672330,1763491,1763491,1065284,1065284,507898,507898,2932400,2932400,817256,817256,2494065,2494065,568053,568053,159086,159086,1045508,1045508,12025371,12025371,2055370,6548651,NA,3421350,12025371
Ethiopia,ET,ETH,231,AFR,2018,117705,45,2900,2300,NA,NA,19753571,9494709,8366818,7190246,5722274,1669754,15728402,11798714,7227996,2138821,4310069,1866098,7421147,4304264,1052774,634725,7342289,372818,15711896,1060075,92637236,40530224,10190096,16793726,10706629,2839773,40530224
Ethiopia,ET,ETH,231,AFR,2019,117705,45,2900,2300,NA,NA,20004089,6760166,8472927,7617450,5794845,3935600,15927872,9065130,7319662,1805872,4364730,3763893,7515263,3384781,1066125,626073,7435405,756375,15911157,224895,93812075,37940235,10319329,13388780,11447314,2784812,37940235
Fiji,FJ,FJI,242,WPR,2018,489,70,2,6000,0,0,300000,300000,181000,181000,34230,34230,90965,90965,12000,12000,2000,2000,3000,3000,20000,20000,3000,3000,0,0,646195,646195,332459,313736,0,NA,646195
Fiji,FJ,FJI,242,WPR,2019,450,70,4,1000,0,0,5000,4000,840000,784000,28000,28000,400000,226000,2000,2000,3000,3000,10000,5000,2500,0,5000,3000,0,0,1295500,1055000,1030000,0,0,25000,1055000
Finland,FI,FIN,246,EUR,2018,NA,NA,NA,NA,NA,NA,NA,NA,NA,NA,NA,NA,NA,NA,NA,NA,NA,NA,NA,NA,NA,NA,NA,NA,NA,NA,NA,NA,NA,NA,NA,NA,NA
Finland,FI,FIN,246,EUR,2019,NA,NA,NA,NA,NA,NA,NA,NA,NA,NA,NA,NA,NA,NA,NA,NA,NA,NA,NA,NA,NA,NA,NA,NA,NA,NA,NA,NA,NA,NA,NA,NA,NA
France,FR,FRA,250,EUR,2018,NA,NA,NA,NA,NA,NA,NA,NA,NA,NA,NA,NA,NA,NA,NA,NA,NA,NA,NA,NA,NA,NA,NA,NA,NA,NA,NA,NA,NA,NA,NA,NA,NA
France,FR,FRA,250,EUR,2019,NA,NA,NA,NA,NA,NA,NA,NA,NA,NA,NA,NA,NA,NA,NA,NA,NA,NA,NA,NA,NA,NA,NA,NA,NA,NA,NA,NA,NA,NA,NA,NA,NA
French Polynesia,PF,PYF,258,WPR,2018,NA,NA,NA,NA,NA,NA,NA,NA,NA,NA,NA,NA,NA,NA,NA,NA,NA,NA,NA,NA,NA,NA,NA,NA,NA,NA,NA,NA,NA,NA,NA,NA,NA
French Polynesia,PF,PYF,258,WPR,2019,NA,NA,NA,NA,NA,NA,NA,NA,NA,NA,NA,NA,NA,NA,NA,NA,NA,NA,NA,NA,NA,NA,NA,NA,NA,NA,NA,NA,NA,NA,NA,NA,NA
Gabon,GA,GAB,266,AFR,2018,7356,136,122,891,0,NA,940717,482705,3307162,213141,570444,272939,2026963,1632449,221745,212461,1151129,1151129,903064,105098,2035833,649905,96800,77410,NA,NA,11253857,4797237,1905388,2891849,NA,NA,4797237
Gabon,GA,GAB,266,AFR,2019,6840,18,104,641,6,3237,895773,136238,300941,300941,78732,78732,817004,800410,138503,92587,348494,305054,47966,22332,20530,20529,134668,99091,NA,NA,2782611,1855914,1377539,379284,NA,99091,1855914
Gambia,GM,GMB,270,AFR,2018,2785,NA,17,NA,0,NA,NA,NA,NA,NA,NA,NA,NA,NA,NA,NA,NA,NA,NA,NA,NA,NA,NA,NA,NA,NA,NA,NA,NA,NA,NA,NA,NA
Gambia,GM,GMB,270,AFR,2019,NA,NA,NA,NA,NA,NA,NA,NA,NA,NA,NA,NA,NA,NA,NA,NA,NA,NA,NA,NA,NA,NA,NA,NA,NA,NA,NA,NA,NA,NA,NA,NA,NA
Georgia,GE,GEO,268,EUR,2018,2650,66,280,3830,70,5000,2405040,1953686,1328994,959305,175079,152800,2083191,2787371,1422493,857268,111780,99612,12259,9831,1090533,498246,1020000,896774,9557892,5784211,19207261,13999104,6236002,4865885,120276,2776941,13999104
Georgia,GE,GEO,268,EUR,2019,2300,81,285,3033,35,3033,1959554,3290682,1166636,940381,186504,26316,1988697,2543428,970520,1119123,105120,251348,19361,10146,940995,503646,120000,236060,5052062,5162079,12509449,14083209,6225437,6572395,198800,1086577,14083209
Germany,DE,DEU,276,EUR,2018,NA,NA,NA,NA,NA,NA,NA,NA,NA,NA,NA,NA,NA,NA,NA,NA,NA,NA,NA,NA,NA,NA,NA,NA,NA,NA,NA,NA,NA,NA,NA,NA,NA
Germany,DE,DEU,276,EUR,2019,NA,NA,NA,NA,NA,NA,NA,NA,NA,NA,NA,NA,NA,NA,NA,NA,NA,NA,NA,NA,NA,NA,NA,NA,NA,NA,NA,NA,NA,NA,NA,NA,NA
Ghana,GH,GHA,288,AFR,2018,19764,27,284,1162,0,0,6980002,2421658,2633249,1630266,2330755,133056,1858022,790171,2022443,536572,653000,59122,2511791,21347,620000,117189,82000,10000,9291864,2755000,28983126,8474381,3755000,4569381,150000,0,8474381
Ghana,GH,GHA,288,AFR,2019,21681,22,284,2200,5,3100,3557819,2857819,2822110,2193292,476982,476982,4600600,4482122,640300,640300,1580212,152402,229680,21347,829033,195268,677000,167000,4618475,882106,20032211,12068638,2650557,9268081,150000,0,12068638
Greece,GR,GRC,300,EUR,2018,NA,NA,NA,NA,NA,NA,NA,NA,NA,NA,NA,NA,NA,NA,NA,NA,NA,NA,NA,NA,NA,NA,NA,NA,NA,NA,NA,NA,NA,NA,NA,NA,NA
Greece,GR,GRC,300,EUR,2019,NA,NA,NA,NA,NA,NA,NA,NA,NA,NA,NA,NA,NA,NA,NA,NA,NA,NA,NA,NA,NA,NA,NA,NA,NA,NA,NA,NA,NA,NA,NA,NA,NA
Greenland,GL,GRL,304,EUR,2018,NA,NA,NA,NA,NA,NA,NA,NA,NA,NA,NA,NA,NA,NA,NA,NA,NA,NA,NA,NA,NA,NA,NA,NA,NA,NA,NA,NA,NA,NA,NA,NA,NA
Greenland,GL,GRL,304,EUR,2019,NA,NA,NA,NA,NA,NA,NA,NA,NA,NA,NA,NA,NA,NA,NA,NA,NA,NA,NA,NA,NA,NA,NA,NA,NA,NA,1320000,NA,NA,NA,NA,NA,NA
Grenada,GD,GRD,308,AMR,2018,NA,NA,NA,NA,NA,NA,NA,NA,NA,NA,NA,NA,NA,NA,NA,NA,NA,NA,NA,NA,NA,NA,NA,NA,NA,NA,NA,NA,NA,NA,NA,NA,NA
Grenada,GD,GRD,308,AMR,2019,NA,NA,NA,NA,NA,NA,NA,NA,NA,NA,NA,NA,NA,NA,NA,NA,NA,NA,NA,NA,NA,NA,NA,NA,NA,NA,NA,NA,NA,NA,NA,NA,NA
Guam,GU,GUM,316,WPR,2018,NA,NA,NA,NA,NA,NA,NA,NA,NA,NA,NA,NA,NA,NA,NA,NA,NA,NA,NA,NA,NA,NA,NA,NA,NA,NA,1822356,NA,NA,NA,NA,NA,NA
Guam,GU,GUM,316,WPR,2019,NA,NA,NA,NA,NA,NA,NA,NA,NA,NA,NA,NA,NA,NA,NA,NA,NA,NA,NA,NA,NA,NA,NA,NA,NA,NA,1413742,NA,NA,NA,NA,NA,NA
Guatemala,GT,GTM,320,AMR,2018,4172,51,105,1060,13,11075,710407,228816,1245001,757126,456452,212772,1665943,1073055,14509177,96633,592288,592288,20322,20322,161458,161458,0,0,0,0,19361048,3142470,1316584,1825886,NA,NA,3142470
Guatemala,GT,GTM,320,AMR,2019,3568,272,80,8128,6,84956,594496,1259838,400341,917294,1053863,1053863,707416,721094,145522,145522,0,0,0,10340,0,185162,0,0,0,0,2901638,4293113,2901638,1391475,NA,NA,4293113
Guinea,GN,GIN,324,AFR,2018,13569,27,223,3005,3,8964,2025360,1293514,391406,372184,366363,308188,65853,46983,697007,664559,68442,68442,98000,59900,154993,99488,106570,92070,0,0,3973994,3005328,871412,1738138,0,395778,3005328
Guinea,GN,GIN,324,AFR,2019,14243,27,277,3005,5,8964,2305360,1503514,394402,377184,384561,384561,47684,47684,832385,832385,69500,69500,98000,62000,160000,98600,109570,103822,0,0,4401462,3479250,991412,1985138,0,502700,3479250
Guinea-Bissau,GW,GNB,624,AFR,2018,3117,36,43,2613,0,0,209341,34006,760119,457369,113411,71320,1375143,1370881,112376,62845,89911,37323,64020,47834,98630,56450,24063,0,0,0,2847014,2138028,321964,1813564,0,2500,2138028
Guinea-Bissau,GW,GNB,624,AFR,2019,3428,35,49,2330,NA,NA,198776,134517,607074,584350,120414,107730,1529410,1493039,114157,74500,115295,50018,53642,31398,119264,81461,24700,NA,NA,NA,2882732,2557013,171200,2374463,NA,11350,2557013
Guyana,GY,GUY,328,AMR,2018,795,220,21,1190,0,0,60000,20000,445653,392653,174915,174915,486360,286360,25000,25000,106446,56446,118260,68260,100052,40052,25105,5105,0,0,1541791,1068791,761055,307736,0,0,1068791
Guyana,GY,GUY,328,AMR,2019,800,258,28,1830,0,0,100000,41495,600000,482123,206064,206064,300000,183124,51231,51231,150000,89503,100000,61257,150000,37465,30000,13311,0,0,1687295,1165573,851532,314041,0,0,1165573
Haiti,HT,HTI,332,AMR,2018,15576,7,150,1120,NA,NA,661052,498001,2758019,2517519,110000,108084,3609555,3458844,175000,173635,862676,666749,201000,200959,465996,165996,180174,165000,1915766,601543,10939238,8556330,1175897,6822933,NA,557500,8556330
Haiti,HT,HTI,332,AMR,2019,16044,39,190,831,NA,NA,1760355,1267735,2758319,1483726,625716,621098,5168762,5094456,160714,160714,1416825,1316127,192801,47421,226429,141097,191524,NA,NA,NA,12501445,10132374,1175897,8813164,NA,143313,10132374
Honduras,HN,HND,340,AMR,2018,2414,26,37,1850,0,0,1103078,2145326,1772919,2365654,65286,40884,5538154,238914,108000,78780,211207,25000,339685,350131,909607,26387,969330,191004,0,258907,11017266,5720987,2703575,2905302,0,112110,5720987
Honduras,HN,HND,340,AMR,2019,2835,26,41,1850,0,NA,600343,600343,2581230,2581230,NA,NA,NA,NA,NA,NA,NA,NA,NA,NA,106197,106197,182386,182386,1450293,1450293,4920449,4920449,2428107,2378551,0,113791,4920449
Hungary,HU,HUN,348,EUR,2018,NA,NA,NA,NA,NA,NA,NA,NA,NA,NA,NA,NA,NA,NA,NA,NA,NA,NA,NA,NA,NA,NA,NA,NA,NA,NA,NA,NA,NA,NA,NA,NA,NA
Hungary,HU,HUN,348,EUR,2019,NA,NA,NA,NA,NA,NA,NA,NA,NA,NA,NA,NA,NA,NA,NA,NA,NA,NA,NA,NA,NA,NA,NA,NA,NA,NA,2100000,NA,NA,NA,NA,NA,NA
Iceland,IS,ISL,352,EUR,2018,NA,NA,NA,NA,NA,NA,NA,NA,NA,NA,NA,NA,NA,NA,NA,NA,NA,NA,NA,NA,NA,NA,NA,NA,NA,NA,NA,NA,NA,NA,NA,NA,NA
Iceland,IS,ISL,352,EUR,2019,NA,NA,NA,NA,NA,NA,NA,NA,NA,NA,NA,NA,NA,NA,NA,NA,NA,NA,NA,NA,NA,NA,NA,NA,NA,NA,NA,NA,NA,NA,NA,NA,NA
India,IN,IND,356,SEA,2018,2916997,45,59400,1000,2970,5000,95306868,95306868,95008728,95008728,83050332,83050332,52757187,52757187,109602165,109602165,65644733,65644733,14726090,14726090,15236035,15236035,10087250,10087250,38086980,38086980,579506368,579506368,458064516,71441852,20000000,30000000,579506368
India,IN,IND,356,SEA,2019,3000000,30,71000,800,4000,1200,66046460,66046460,106431111,106431111,90000000,90000000,54395114,54395114,61600000,61600000,20045600,20045600,1500000,1500000,131025560,131025560,9404545,9404545,42551610,42551610,583000000,583000000,450000000,78000000,15000000,40000000,583000000
Indonesia,ID,IDN,360,SEA,2018,530493,36,5733,1216,NA,NA,60171533,32908895,48261024,52771535,19527191,18866193,139920740,34148154,2947952,1377944,16870810,3951972,4900724,1268160,1155911,3226981,733540,925929,0,0,294489425,149445763,101565995,38499843,9112295,267630,149445763
Indonesia,ID,IDN,360,SEA,2019,599338,41,9367,2312,NA,NA,86363121,28184460,56680919,56680919,24550008,24550008,147802743,26157834,21307491,11695472,20326665,4341039,5224950,1647604,2608925,2608925,1471024,1471024,0,0,366335846,157337285,109214607,30005171,13146606,4970901,157337285
Iran (Islamic Republic of),IR,IRN,364,EMR,2018,3778,NA,54,NA,2,NA,NA,NA,NA,NA,3405512,NA,NA,NA,1989614,NA,NA,NA,NA,NA,NA,NA,NA,NA,NA,NA,5395126,NA,NA,NA,NA,NA,NA
Iran (Islamic Republic of),IR,IRN,364,EMR,2019,11000,83,75,32027,5,8792,NA,NA,NA,NA,NA,NA,NA,NA,NA,NA,NA,NA,NA,NA,NA,NA,NA,NA,NA,NA,NA,NA,NA,NA,NA,NA,NA
Iraq,IQ,IRQ,368,EMR,2018,8000,40,80,4000,3,4000,1000000,250000,20000000,20000000,320000,50000,900000,30000,340000,340000,250000,250000,100000,0,500000,500000,200000,0,0,0,23610000,21420000,19920969,1499031,0,0,21420000
Iraq,IQ,IRQ,368,EMR,2019,7500,40,85,4000,2,4000,1000000,500000,19000000,19000000,300000,200000,800000,50000,340000,340000,250000,250000,90000,0,400000,50000,200000,0,0,0,22380000,20390000,19710000,680000,0,0,20390000
Ireland,IE,IRL,372,EUR,2018,NA,NA,NA,NA,NA,NA,NA,NA,NA,NA,NA,NA,NA,NA,NA,NA,NA,NA,NA,NA,NA,NA,NA,NA,NA,NA,NA,NA,NA,NA,NA,NA,NA
Ireland,IE,IRL,372,EUR,2019,NA,NA,NA,NA,NA,NA,NA,NA,NA,NA,NA,NA,NA,NA,NA,NA,NA,NA,NA,NA,NA,NA,NA,NA,NA,NA,NA,NA,NA,NA,NA,NA,NA
Israel,IL,ISR,376,EUR,2018,NA,NA,NA,NA,NA,NA,NA,NA,NA,NA,NA,NA,NA,NA,NA,NA,NA,NA,NA,NA,NA,NA,NA,NA,NA,NA,NA,NA,NA,NA,NA,NA,NA
Israel,IL,ISR,376,EUR,2019,NA,NA,NA,NA,NA,NA,NA,NA,NA,NA,NA,NA,NA,NA,NA,NA,NA,NA,NA,NA,NA,NA,NA,NA,NA,NA,NA,NA,NA,NA,NA,NA,NA
Italy,IT,ITA,380,EUR,2018,NA,NA,NA,NA,NA,NA,NA,NA,NA,NA,NA,NA,NA,NA,NA,NA,NA,NA,NA,NA,NA,NA,NA,NA,NA,NA,NA,NA,NA,NA,NA,NA,NA
Italy,IT,ITA,380,EUR,2019,NA,NA,NA,NA,NA,NA,NA,NA,NA,NA,NA,NA,NA,NA,NA,NA,NA,NA,NA,NA,NA,NA,NA,NA,NA,NA,NA,NA,NA,NA,NA,NA,NA
Jamaica,JM,JAM,388,AMR,2018,NA,NA,NA,NA,NA,NA,NA,NA,NA,NA,NA,NA,NA,NA,NA,NA,NA,NA,NA,NA,NA,NA,NA,NA,NA,NA,NA,NA,NA,NA,NA,NA,NA
Jamaica,JM,JAM,388,AMR,2019,130,282,0,NA,0,NA,13653,13653,NA,NA,NA,NA,41018,41018,NA,NA,NA,NA,NA,NA,NA,NA,NA,NA,NA,NA,54671,54671,54671,0,0,0,54671
Japan,JP,JPN,392,WPR,2018,NA,NA,NA,NA,NA,NA,NA,NA,NA,NA,NA,NA,NA,NA,NA,NA,NA,NA,NA,NA,NA,NA,NA,NA,NA,NA,43400000,NA,NA,NA,NA,NA,NA
Japan,JP,JPN,392,WPR,2019,NA,NA,NA,NA,NA,NA,NA,NA,NA,NA,NA,NA,NA,NA,NA,NA,NA,NA,NA,NA,NA,NA,NA,NA,NA,NA,NA,NA,NA,NA,NA,NA,NA
Jordan,JO,JOR,400,EMR,2018,540,365,3,1000,1,2000,600000,570000,200000,150000,197000,197000,150000,150000,5000,5000,10000,10000,60000,50000,100000,68000,100000,100000,100000,0,1522000,1300000,1000000,290000,0,10000,1300000
Jordan,JO,JOR,400,EMR,2019,397,150,2,2250,1,3000,150000,70000,1700000,1250000,59550,45000,160000,12000,6750,5000,80000,60000,28000,10000,50000,15000,60000,0,50000,10000,2344300,1477000,600000,872000,0,5000,1477000
Kazakhstan,KZ,KAZ,398,EUR,2018,10058,126,5734,3222,668,15615,5093660,3804346,89398682,89398682,1268600,1268600,887997,887997,28905825,26327198,7891543,7891543,1030260,1030260,3132390,3132390,104312,104312,NA,NA,137713269,133845328,126856666,4871889,265853,1850920,133845328
Kazakhstan,KZ,KAZ,398,EUR,2019,8588,150,6826,1846,732,4810,2619302,2619302,61508867,61508867,1291955,1291955,1538184,1538184,16273847,16273847,27950323,27950323,146715,146715,6214499,6214499,112728,112728,16265906,16265906,133922326,133922326,126500411,5854430,300000,1267485,133922326
Kenya,KE,KEN,404,AFR,2018,98373,22,671,1056,36,5000,5000000,3324591,13000000,12554507,2164206,2164206,3000000,2774849,888576,304192,2000000,425922,3000000,1052157,3080000,62125,2000000,716927,8000000,3401295,42132782,26780771,13794399,12894020,92352,0,26780771
Kenya,KE,KEN,404,AFR,2019,104704,22,850,3000,3,5000,9621500,2798805,16366337,14243003,2164206,2104400,28836487,2596898,2524752,511140,2939896,592958,3458637,893241,2669396,65853,4730429,135682,8000000,5933210,81311640,29875190,17672714,8045384,4157092,0,29875190
Kiribati,KI,KIR,296,WPR,2018,520,70,3,0,0,0,70000,70000,344000,344000,0,0,0,0,0,0,0,0,0,0,1800,1800,0,0,0,0,415800,415800,0,200000,0,215800,415800
Kiribati,KI,KIR,296,WPR,2019,400,20,2,2816,NA,NA,36450,36450,293515,293515,8000,8000,150000,150000,6000,6000,NA,NA,NA,NA,2900,2900,NA,NA,NA,NA,496865,496865,NA,158913,NA,337952,496865
Kuwait,KW,KWT,414,EMR,2018,NA,NA,NA,NA,NA,NA,NA,NA,NA,NA,NA,NA,NA,NA,NA,NA,NA,NA,NA,NA,NA,NA,NA,NA,NA,NA,9350000,NA,NA,NA,NA,NA,NA
Kuwait,KW,KWT,414,EMR,2019,NA,NA,NA,NA,NA,NA,NA,NA,NA,NA,NA,NA,NA,NA,NA,NA,NA,NA,NA,NA,NA,NA,NA,NA,NA,NA,8555000,NA,NA,NA,NA,NA,NA
Kyrgyzstan,KG,KGZ,417,EUR,2018,7995,68,1088,3108,118,3872,627905,627905,6866440,6866440,575775,575775,7154786,7154786,1694283,1694283,1689286,1689286,4812,4812,1049787,487479,3099,3099,5616015,5616015,25282188,24719880,12760575,2295186,6107251,3556868,24719880
Kyrgyzstan,KG,KGZ,417,EUR,2019,7695,56,250,1250,1046,4552,946338,946338,212533,212533,35071,35071,11500000,11500000,1685706,1685706,102774,102774,7095,7095,390583,390583,42847,42847,4337141,4337141,19260088,19260088,11500000,3317489,3945410,497189,19260088
Lao People's Democratic Republic,LA,LAO,418,WPR,2018,5062,37,63,1169,0,0,1094847,794847,554877,554877,187293,187293,881423,881423,73678,73678,60084,60084,47710,47710,233460,233460,0,0,542207,542207,3675579,3375579,384499,2991080,0,0,3375579
Lao People's Democratic Republic,LA,LAO,418,WPR,2019,7205,24,70,1000,3,1250,788521,788521,555948,555948,260989,260989,1113508,1113508,73750,73750,201003,201003,36919,36919,153061,153061,20000,20000,495631,495631,3699330,3699330,724010,2955320,0,20000,3699330
Latvia,LV,LVA,428,EUR,2018,530,NA,35,NA,20,NA,NA,NA,NA,NA,158406,158406,NA,NA,2027421,2027421,NA,NA,NA,NA,NA,NA,NA,NA,NA,NA,2185827,2185827,2185827,NA,NA,NA,2185827
Latvia,LV,LVA,428,EUR,2019,500,NA,50,NA,10,NA,NA,NA,NA,NA,130078,130078,NA,NA,2086427,2086427,NA,NA,NA,NA,NA,NA,NA,NA,NA,NA,2216505,2216505,2216505,NA,NA,NA,2216505
Lebanon,LB,LBN,422,EMR,2018,740,28,19,1542,2,4686,118800,118800,1807575,1439775,20720,20720,720293,720293,38672,38672,449747,449747,1996,1996,455000,52620,100000,0,100000,0,3812803,2842623,464461,2378162,0,0,2842623
Lebanon,LB,LBN,422,EMR,2019,710,33,8,1245,2,2486,150000,100000,763800,391920,23430,23430,700000,100000,14932,14932,300000,150000,10000,0,500000,14303,200000,0,100000,0,2762162,794585,468403,326182,0,0,794585
Lesotho,LS,LSO,426,AFR,2018,7200,30,264,3000,NA,NA,6666,6666,400000,270198,216000,216000,550000,337197,792000,792000,600000,450000,NA,NA,332000,332000,421772,421772,NA,NA,3318438,2825833,1011281,1814552,NA,NA,2825833
Lesotho,LS,LSO,426,AFR,2019,9106,158,137,4222,NA,NA,2467015,943575,592986,500968,1438869,578455,1164593,581451,646831,646831,25000,25000,501127,34537,1846755,1178408,3738403,897354,NA,NA,12421579,5386579,578455,2696494,NA,2111630,5386579
Liberia,LR,LBR,430,AFR,2018,9008,43,232,1446,0,0,1089641,1089641,0,0,NA,NA,5307206,5307206,0,0,0,0,NA,NA,0,0,NA,0,NA,NA,6396847,6396847,152040,1497464,0,4747343,6396847
Liberia,LR,LBR,430,AFR,2019,10812,25,254,1361,0,0,261281,0,394657,0,280365,0,4934878,1648328,327000,0,0,0,64624,0,486540,0,521499,0,0,0,7270844,1648328,0,1648328,0,0,1648328
Libya,LY,LBY,434,EMR,2018,NA,NA,NA,NA,NA,NA,NA,NA,NA,NA,NA,NA,NA,NA,NA,NA,NA,NA,NA,NA,NA,NA,NA,NA,NA,NA,NA,NA,NA,NA,NA,NA,NA
Libya,LY,LBY,434,EMR,2019,NA,NA,NA,NA,NA,NA,NA,NA,NA,NA,NA,NA,NA,NA,NA,NA,NA,NA,NA,NA,NA,NA,NA,NA,NA,NA,NA,NA,NA,NA,NA,NA,NA
Lithuania,LT,LTU,440,EUR,2018,NA,NA,NA,NA,NA,NA,NA,NA,NA,NA,NA,NA,NA,NA,NA,NA,NA,NA,NA,NA,NA,NA,NA,NA,NA,NA,NA,NA,NA,NA,NA,NA,NA
Lithuania,LT,LTU,440,EUR,2019,NA,NA,NA,NA,NA,NA,NA,NA,NA,NA,NA,NA,NA,NA,NA,NA,NA,NA,NA,NA,NA,NA,NA,NA,NA,NA,NA,NA,NA,NA,NA,NA,NA
Luxembourg,LU,LUX,442,EUR,2018,NA,NA,NA,NA,NA,NA,NA,NA,NA,NA,NA,NA,NA,NA,NA,NA,NA,NA,NA,NA,NA,NA,NA,NA,NA,NA,NA,NA,NA,NA,NA,NA,NA
Luxembourg,LU,LUX,442,EUR,2019,NA,NA,NA,NA,NA,NA,NA,NA,NA,NA,NA,NA,NA,NA,NA,NA,NA,NA,NA,NA,NA,NA,NA,NA,NA,NA,NA,NA,NA,NA,NA,NA,NA
Madagascar,MG,MDG,450,AFR,2018,34007,20,55,823,0,0,782676,351029,355032,333617,120682,109590,495318,1872664,NA,NA,35844,51946,19463,49525,204551,275265,NA,0,685837,238346,2699403,3281982,NA,3281982,NA,NA,3281982
Madagascar,MG,MDG,450,AFR,2019,35973,26,34,1699,0,0,259018,259018,375992,375992,935300,935300,97470,97470,58018,58018,9700,9700,27191,27191,249821,249821,244979,244979,633274,633274,2890763,2890763,0,2890763,0,0,2890763
Malawi,MW,MWI,454,AFR,2018,20766,43,110,2746,NA,NA,2662135,3555379,533000,522814,892938,632845,1946592,2537534,398286,398284,2180623,538341,8078335,889473,114000,42522,122531,144011,8221000,3814586,25149440,13075789,2196601,4012658,4426244,2440286,13075789
Malawi,MW,MWI,454,AFR,2019,22400,32,130,2000,NA,NA,2876297,2876297,439468,439468,716800,667200,4743226,2834642,514752,514752,2910940,204069,11740910,649902,1384834,103486,622187,342261,2494323,2205732,28443737,10837809,1442238,4481477,3424633,1489461,10837809
Malaysia,MY,MYS,458,WPR,2018,28000,70,110,2000,2,45000,1000000,1000000,10300000,10300000,1960000,1960000,1500000,1500000,310000,310000,770000,770000,NA,NA,140000,140000,NA,NA,NA,NA,15980000,15980000,15980000,NA,NA,NA,15980000
Malaysia,MY,MYS,458,WPR,2019,28000,70,110,2000,2,45000,1000000,1000000,10300000,10300000,1960000,1960000,1500000,1500000,310000,310000,770000,770000,NA,NA,NA,NA,140000,140000,NA,NA,15980000,15980000,15980000,NA,NA,NA,15980000
Maldives,MV,MDV,462,SEA,2018,NA,NA,NA,NA,NA,NA,NA,NA,NA,NA,NA,NA,NA,NA,NA,NA,NA,NA,NA,NA,NA,NA,NA,NA,NA,NA,182879,NA,NA,NA,NA,NA,NA
Maldives,MV,MDV,462,SEA,2019,NA,NA,NA,NA,NA,NA,NA,NA,NA,NA,NA,NA,NA,NA,NA,NA,NA,NA,NA,NA,NA,NA,NA,NA,NA,NA,300000,NA,NA,NA,NA,NA,NA
Mali,ML,MLI,466,AFR,2018,8176,132,60,1608,NA,NA,1796883,873672,690381,690381,1079232,1079232,2539532,2158048,96480,96480,187400,186278,195515,186278,288993,51414,41167,41167,322036,64213,7237619,5427163,1310908,4116255,NA,NA,5427163
Mali,ML,MLI,466,AFR,2019,8830,96,60,3636,0,0,526880,52119,356117,356117,847680,102740,2539532,515221,218160,218160,253171,19662,28022,816,288708,12444,210734,210734,164867,164867,5433871,1652880,569279,1083601,NA,NA,1652880
Malta,MT,MLT,470,EUR,2018,NA,NA,NA,NA,NA,NA,NA,NA,NA,NA,NA,NA,NA,NA,NA,NA,NA,NA,NA,NA,NA,NA,NA,NA,NA,NA,NA,NA,NA,NA,NA,NA,NA
Malta,MT,MLT,470,EUR,2019,NA,NA,NA,NA,NA,NA,NA,NA,NA,NA,NA,NA,NA,NA,NA,NA,NA,NA,NA,NA,NA,NA,NA,NA,NA,NA,NA,NA,NA,NA,NA,NA,NA
Marshall Islands,MH,MHL,584,WPR,2018,300,24000,2,400000,0,0,70000,25000,151000,151000,NA,NA,NA,NA,200000,NA,NA,NA,NA,NA,NA,NA,NA,NA,NA,NA,421000,176000,NA,176000,NA,NA,176000
Marshall Islands,MH,MHL,584,WPR,2019,300,12000,0,200000,0,250000,12000,12000,180000,180000,25000,25000,25000,25000,200000,200000,200000,200000,0,0,0,0,0,0,0,0,642000,642000,230000,12000,0,400000,642000
Mauritania,MR,MRT,478,AFR,2018,2928,NA,40,833,2,9437,NA,444537,NA,65137,91667,88094,NA,287515,52354,52354,NA,140240,NA,NA,170000,55372,260000,31712,NA,NA,574021,1164961,NA,1164961,0,NA,1164961
Mauritania,MR,MRT,478,AFR,2019,2886,28,37,920,2,8500,225986,158954,554200,472456,161616,161616,373453,205123,61766,61766,20000,20000,55242,55242,64118,64118,290021,0,0,0,1806402,1199275,717688,481587,0,0,1199275
Mauritius,MU,MUS,480,AFR,2018,NA,NA,NA,NA,NA,NA,NA,NA,NA,NA,NA,NA,NA,NA,NA,NA,NA,NA,NA,NA,NA,NA,NA,NA,NA,NA,NA,NA,NA,NA,NA,NA,NA
Mauritius,MU,MUS,480,AFR,2019,NA,NA,NA,NA,NA,NA,NA,NA,NA,NA,NA,NA,NA,NA,NA,NA,NA,NA,NA,NA,NA,NA,NA,NA,NA,NA,NA,NA,NA,NA,NA,NA,NA
Mexico,MX,MEX,484,AMR,2018,22084,83,394,893,12,4863,3427751,3427751,4729803,4729803,1820352,1820352,1275419,1275419,385218,385218,0,0,285872,285872,31581,31581,13290,13290,44452,44452,12013738,12013738,12013738,0,0,0,12013738
Mexico,MX,MEX,484,AMR,2019,23192,77,441,389,10,1659,3123065,3123065,4898652,4898652,1791238,1791238,998796,998796,188092,188092,0,0,0,0,5080,5080,76492,76492,24142,24142,11105557,11105557,11105557,0,0,0,11105557
Micronesia (Federated States of),FM,FSM,583,WPR,2018,150,85,0,0,0,0,33528,33528,364200,364200,12750,12750,202672,202672,NA,NA,NA,NA,2400,2400,0,0,0,0,0,0,615550,615550,0,83372,507178,25000,615550
Micronesia (Federated States of),FM,FSM,583,WPR,2019,100,20000,0,0,0,0,NA,NA,NA,NA,NA,NA,NA,NA,NA,NA,NA,NA,NA,NA,NA,NA,NA,NA,NA,NA,NA,NA,NA,NA,NA,NA,NA
Monaco,MC,MCO,492,EUR,2018,NA,NA,NA,NA,NA,NA,NA,NA,NA,NA,NA,NA,NA,NA,NA,NA,NA,NA,NA,NA,NA,NA,NA,NA,NA,NA,NA,NA,NA,NA,NA,NA,NA
Monaco,MC,MCO,492,EUR,2019,NA,NA,NA,NA,NA,NA,NA,NA,NA,NA,NA,NA,NA,NA,NA,NA,NA,NA,NA,NA,NA,NA,NA,NA,NA,NA,NA,NA,NA,NA,NA,NA,NA
Mongolia,MN,MNG,496,WPR,2018,4764,78,241,2500,10,18000,441194,441194,2867000,2867000,372564,372564,35571,35571,777718,777718,304955,304955,19645,19645,43108,43108,15451,15451,1196755,1196755,6073961,6073961,3649499,2424462,0,0,6073961
Mongolia,MN,MNG,496,WPR,2019,4200,119,245,2500,10,18000,576448,576448,3325720,3325720,500000,500000,28383,28383,742131,742131,101287,101287,15954,15954,204076,204076,18797,18797,72851,72851,5585647,5585647,4283643,1302004,0,0,5585647
Montenegro,ME,MNE,499,EUR,2018,NA,NA,NA,NA,NA,NA,NA,NA,NA,NA,NA,NA,NA,NA,NA,NA,NA,NA,NA,NA,NA,NA,NA,NA,NA,NA,70000,NA,NA,NA,NA,NA,NA
Montenegro,ME,MNE,499,EUR,2019,NA,NA,NA,NA,NA,NA,NA,NA,NA,NA,NA,NA,NA,NA,NA,NA,NA,NA,NA,NA,NA,NA,NA,NA,NA,NA,100000,NA,NA,NA,NA,NA,NA
Montserrat,MS,MSR,500,AMR,2018,NA,NA,NA,NA,NA,NA,NA,NA,NA,NA,NA,NA,NA,NA,NA,NA,NA,NA,NA,NA,NA,NA,NA,NA,NA,NA,NA,NA,NA,NA,NA,NA,NA
Montserrat,MS,MSR,500,AMR,2019,NA,NA,NA,NA,NA,NA,NA,NA,NA,NA,NA,NA,NA,NA,NA,NA,NA,NA,NA,NA,NA,NA,NA,NA,NA,NA,2000,NA,NA,NA,NA,NA,NA
Morocco,MA,MAR,504,EMR,2018,34300,52,247,970,25,6770,1500600,510600,8604000,8604000,3630000,3630000,1017000,1017000,2116000,2116000,482100,86100,125600,125600,19000,19000,0,0,11473200,187200,28967500,16295500,15520000,775500,0,0,16295500
Morocco,MA,MAR,504,EMR,2019,32854,62,356,3753,20,6992,13046592,3860904,18392672,11111792,3200000,3200000,8016000,885328,1535648,1535648,146000,38976,137036,108040,0,0,0,0,0,0,44473948,20740688,18470578,1776110,0,494000,20740688
Mozambique,MZ,MOZ,508,AFR,2018,90794,29,1600,3037,84,3037,4468044,4468044,1828000,1828000,2633026,2633026,6081267,6081267,5114308,5114308,2797806,2797806,5718712,5718712,140000,140000,1200000,1200000,453389,453389,30434552,30434552,1500000,20682455,NA,8252097,30434552
Mozambique,MZ,MOZ,508,AFR,2019,97684,29,1915,3037,84,7670,6378695,6378695,1000000,1000000,2832836,1362110,5463750,5463750,6460135,4376340,2601736,2601736,2332673,2332673,320000,320000,828970,828970,83460,83460,28302255,24747734,2084790,16922481,NA,5740463,24747734
Myanmar,MM,MMR,104,SEA,2018,158624,24,3400,1040,30,10000,5412579,3370038,17739258,1374528,4691620,4691620,3679588,927615,3836000,2075759,1612970,846272,1971828,122017,3244916,2975443,976346,934756,14536313,14536313,57701418,31854361,2125422,25722031,1000000,3006908,31854361
Myanmar,MM,MMR,104,SEA,2019,154859,23,3510,1122,40,9500,5591314,3092318,18657558,5298440,4764916,4764916,9067242,8486330,4318220,1736264,3235497,2203682,2020482,140710,3774650,3774650,919934,232755,9473777,9352725,61823590,39082790,1848555,32150253,0,5083982,39082790
Namibia,NA,NAM,516,AFR,2018,8525,62,363,3315,36,NA,NA,NA,8286571,5800600,528550,528550,27092018,18964126,1203345,1203345,NA,NA,204034,136022,5836095,0,5859012,2732286,NA,NA,49009625,29364929,27940544,1400000,24385,NA,29364929
Namibia,NA,NAM,516,AFR,2019,8657,62,366,2985,11,25350,3379307,1251950,19776227,18801091,536734,275454,5893019,3829608,1371360,1005360,4893019,2295455,5602533,4491447,2542011,459091,3603357,270070,2739948,2549612,50337515,35229138,30740513,4480389,8236,NA,35229138
Nauru,NR,NRU,520,WPR,2018,NA,NA,NA,NA,NA,NA,NA,NA,NA,NA,NA,NA,NA,NA,NA,NA,NA,NA,NA,NA,NA,NA,NA,NA,NA,NA,10478,NA,NA,NA,NA,NA,NA
Nauru,NR,NRU,520,WPR,2019,NA,NA,NA,NA,NA,NA,NA,NA,NA,NA,NA,NA,NA,NA,NA,NA,NA,NA,NA,NA,NA,NA,NA,NA,NA,NA,5000,NA,NA,NA,NA,NA,NA
Nepal,NP,NPL,524,SEA,2018,NA,NA,NA,NA,NA,NA,1679091,1679091,1218265,1218265,1011323,1011323,9794757,9794757,1034541,1034541,885512,885512,170353,170353,353320,353320,1613835,1613835,18711,18711,17779708,17779708,9782800,7996908,NA,NA,17779708
Nepal,NP,NPL,524,SEA,2019,36031,27,250,1292,250,3289,5060264,3709021,1050267,895210,928120,928120,7954992,6102213,1145250,1145250,624703,510332,236371,32127,1396760,794809,1283733,1283733,482626,0,20163086,15400815,7808086,7592729,0,0,15400815
Netherlands,NL,NLD,528,EUR,2018,NA,NA,NA,NA,NA,NA,NA,NA,NA,NA,NA,NA,NA,NA,NA,NA,NA,NA,NA,NA,NA,NA,NA,NA,NA,NA,33000000,NA,NA,NA,NA,NA,NA
Netherlands,NL,NLD,528,EUR,2019,NA,NA,NA,NA,NA,NA,NA,NA,NA,NA,NA,NA,NA,NA,NA,NA,NA,NA,NA,NA,NA,NA,NA,NA,NA,NA,33000000,NA,NA,NA,NA,NA,NA
New Caledonia,NC,NCL,540,WPR,2018,NA,NA,NA,NA,NA,NA,NA,NA,NA,NA,NA,NA,NA,NA,NA,NA,NA,NA,NA,NA,NA,NA,NA,NA,NA,NA,NA,NA,NA,NA,NA,NA,NA
New Caledonia,NC,NCL,540,WPR,2019,NA,NA,NA,NA,NA,NA,NA,NA,NA,NA,NA,NA,NA,NA,NA,NA,NA,NA,NA,NA,NA,NA,NA,NA,NA,NA,NA,NA,NA,NA,NA,NA,NA
New Zealand,NZ,NZL,554,WPR,2018,NA,NA,NA,NA,NA,NA,NA,NA,NA,NA,NA,NA,NA,NA,NA,NA,NA,NA,NA,NA,NA,NA,NA,NA,NA,NA,NA,NA,NA,NA,NA,NA,NA
New Zealand,NZ,NZL,554,WPR,2019,NA,NA,NA,NA,NA,NA,NA,NA,NA,NA,NA,NA,NA,NA,NA,NA,NA,NA,NA,NA,NA,NA,NA,NA,NA,NA,NA,NA,NA,NA,NA,NA,NA
Nicaragua,NI,NIC,558,AMR,2018,2875,22,42,16334,2,45166,1017557,997709,2617706,2346710,66128,66128,2419674,2329016,702039,152804,623355,595545,2064873,1210963,76886,76886,348987,295027,0,0,9937205,8070788,4612886,3457902,0,0,8070788
Nicaragua,NI,NIC,558,AMR,2019,2558,56,52,7313,4,4931,1109903,763199,2700000,877679,143248,87768,3614975,3173381,400000,358704,2200000,2115587,149837,103032,110990,76320,110990,76320,0,0,10539943,7631990,6067167,1292382,0,272441,7631990
Niger,NE,NER,562,AFR,2018,13152,NA,104,355,3,710,227488,NA,134761,239103,369151,950000,618973,624822,289933,27270,516021,63766,381356,656,75763,9114,21837,NA,NA,NA,2635283,1914731,950000,905198,NA,59533,1914731
Niger,NE,NER,562,AFR,2019,12050,50,102,724,10,1896,291489,291489,2271783,2271783,618047,618047,2190096,2190096,83294,83294,2972,2972,512,512,169576,169576,NA,NA,NA,NA,5627769,5627769,NA,5432788,NA,194981,5627769
Nigeria,NG,NGA,566,AFR,2018,391700,37,11116,2831,445,23970,78675538,11618421,61450894,41612713,16642681,4311970,63518752,13846084,53599417,5869061,55158873,7879802,15153505,5000000,58911331,2743075,1652872,103383,4341679,3621996,409105542,96606505,31640126,42966379,22000000,0,96606505
Nigeria,NG,NGA,566,AFR,2019,236649,40,5681,2831,200,23970,54645906,20782394,37722901,28052033,7215664,7001251,67335677,19342526,21218595,6295291,38702591,17063686,7708912,5311031,38932567,2989728,1880463,643206,2986392,2951515,278349668,110432661,22335038,64097623,24000000,0,110432661
Niue,NU,NIU,570,WPR,2018,NA,NA,NA,NA,NA,NA,NA,NA,NA,NA,NA,NA,NA,NA,NA,NA,NA,NA,NA,NA,NA,NA,NA,NA,NA,NA,9963,NA,NA,NA,NA,NA,NA
Niue,NU,NIU,570,WPR,2019,NA,NA,NA,NA,NA,NA,NA,NA,NA,NA,NA,NA,NA,NA,NA,NA,NA,NA,NA,NA,NA,NA,NA,NA,NA,NA,6895,NA,NA,NA,NA,NA,NA
North Macedonia,MK,MKD,807,EUR,2018,220,NA,2,NA,0,NA,NA,NA,NA,NA,NA,NA,NA,NA,NA,NA,NA,NA,NA,NA,NA,NA,NA,NA,NA,NA,NA,NA,NA,NA,NA,NA,NA
North Macedonia,MK,MKD,807,EUR,2019,NA,NA,NA,NA,NA,NA,NA,NA,NA,NA,NA,NA,NA,NA,NA,NA,NA,NA,NA,NA,NA,NA,NA,NA,NA,NA,NA,NA,NA,NA,NA,NA,NA
Northern Mariana Islands,MP,MNP,580,WPR,2018,NA,NA,NA,NA,NA,NA,NA,NA,NA,NA,NA,NA,NA,NA,NA,NA,NA,NA,NA,NA,NA,NA,NA,NA,NA,NA,253184,NA,NA,NA,NA,NA,NA
Northern Mariana Islands,MP,MNP,580,WPR,2019,NA,NA,NA,NA,NA,NA,NA,NA,NA,NA,NA,NA,NA,NA,NA,NA,NA,NA,NA,NA,NA,NA,NA,NA,NA,NA,253184,NA,NA,NA,NA,NA,NA
Norway,NO,NOR,578,EUR,2018,NA,NA,NA,NA,NA,NA,NA,NA,NA,NA,NA,NA,NA,NA,NA,NA,NA,NA,NA,NA,NA,NA,NA,NA,NA,NA,NA,NA,NA,NA,NA,NA,NA
Norway,NO,NOR,578,EUR,2019,NA,NA,NA,NA,NA,NA,NA,NA,NA,NA,NA,NA,NA,NA,NA,NA,NA,NA,NA,NA,NA,NA,NA,NA,NA,NA,NA,NA,NA,NA,NA,NA,NA
Oman,OM,OMN,512,EMR,2018,NA,NA,NA,NA,NA,NA,NA,NA,NA,NA,NA,NA,NA,NA,NA,NA,NA,NA,NA,NA,NA,NA,NA,NA,NA,NA,NA,NA,NA,NA,NA,NA,NA
Oman,OM,OMN,512,EMR,2019,NA,NA,NA,NA,NA,NA,NA,NA,NA,NA,NA,NA,NA,NA,NA,NA,NA,NA,NA,NA,NA,NA,NA,NA,NA,NA,NA,NA,NA,NA,NA,NA,NA
Pakistan,PK,PAK,586,EMR,2018,393242,32,3840,2162,160,11616,28595078,4237599,10857194,10857194,12583744,10511926,16584529,16184187,28383793,13300840,7596855,1991746,204189,100683,4651534,3115720,1424714,527033,7596855,6832406,118478485,67659334,3636632,64022702,0,0,67659334
Pakistan,PK,PAK,586,EMR,2019,400435,29,4275,1165,225,4200,31767184,4486118,15279899,13589356,6609359,4643610,19983054,7622404,45172160,10059753,NA,NA,212263,119059,4691049,1155482,1436817,56442,10281941,3906684,135433726,45638908,3626232,41894665,0,118011,45638908
Palau,PW,PLW,585,WPR,2018,NA,NA,NA,NA,NA,NA,NA,NA,NA,NA,NA,NA,NA,NA,NA,NA,NA,NA,NA,NA,NA,NA,NA,NA,NA,NA,160300,NA,NA,NA,NA,NA,NA
Palau,PW,PLW,585,WPR,2019,NA,NA,NA,NA,NA,NA,NA,NA,NA,NA,NA,NA,NA,NA,NA,NA,NA,NA,NA,NA,NA,NA,NA,NA,NA,NA,135000,NA,NA,NA,NA,NA,NA
Panama,PA,PAN,591,AMR,2018,1900,94,72,1915,NA,NA,600984,88673,575431,259104,179214,175319,208584,208584,140741,140741,25000,25000,30000,29840,90000,0,8500,8500,0,0,1858454,935761,113035,822726,NA,NA,935761
Panama,PA,PAN,591,AMR,2019,1900,94,60,15669,1,60000,NA,NA,NA,NA,NA,NA,NA,NA,NA,NA,NA,NA,NA,NA,NA,NA,NA,NA,NA,NA,NA,NA,NA,NA,NA,NA,NA
Papua New Guinea,PG,PNG,598,WPR,2018,33858,35,588,2096,NA,NA,2250651,2250651,1827842,753710,1185030,1185030,8302148,4302148,1232448,1232448,2023133,1023133,7065378,5051955,766145,766145,159699,117000,3557406,3557406,28369880,20239626,14245222,3788325,95000,2111079,20239626
Papua New Guinea,PG,PNG,598,WPR,2019,30630,64,536,15109,27,26871,2243492,2243492,1409979,1034357,1960320,1960320,6736898,4432269,8823941,8823941,1478279,494800,8194584,3934609,629210,0,9091,0,4590000,4590000,36075794,27513788,18653636,4270152,0,4590000,27513788
Paraguay,PY,PRY,600,AMR,2018,2589,39,32,1449,1,0,1947076,115161,3535540,2342794,100602,100602,15842416,1272077,19413,19413,107950,42675,2062912,7483,873261,821454,86141,0,0,0,24575311,4721659,3285256,1374373,0,62030,4721659
Paraguay,PY,PRY,600,AMR,2019,3462,30,25,266,1,474,1060490,537900,3535894,2339431,105639,105639,13595023,1345597,6671,6671,116852,25000,2130313,40513,910168,651479,145962,97686,0,0,21607012,5149916,3920776,1181268,0,47872,5149916
Peru,PE,PER,604,AMR,2018,32560,50,2950,1226,236,54000,23000000,22183045,4724242,4681320,1628000,1628000,12758351,12074176,16360700,16360700,51604581,51604581,4322790,4322790,20130830,20130830,0,0,0,0,134529494,132985442,124450108,8535334,0,0,132985442
Peru,PE,PER,604,AMR,2019,32560,60,2547,1477,277,5100,23000000,18482131,4724242,4543069,1958520,1958520,15512350,15512350,5708655,3474684,67149396,67149396,4693573,4693573,18000000,16337607,0,0,0,0,140746736,132151330,127051330,5100000,0,0,132151330
Philippines,PH,PHL,608,WPR,2018,420260,21,9636,6630,96,7958,41802865,22853381,3714047,1359856,12242246,9788446,41706357,36913280,14794535,7382258,2452622,1902001,773270,524074,30585943,3830515,1980097,181327,9564271,8570721,159616253,93305859,59080154,29695082,2154958,2375665,93305859
Philippines,PH,PHL,608,WPR,2019,416617,40,10581,6630,105,7958,50563750,25871227,10018199,8563416,13575791,8610000,48660828,6987684,17851166,17851166,2969829,NA,14562360,154000,35548840,3266108,894718,130126,9896758,4360275,204542239,75794002,24357641,51436361,NA,NA,75794002
Poland,PL,POL,616,EUR,2018,NA,NA,NA,NA,NA,NA,NA,NA,NA,NA,NA,NA,NA,NA,NA,NA,NA,NA,NA,NA,NA,NA,NA,NA,NA,NA,NA,NA,NA,NA,NA,NA,NA
Poland,PL,POL,616,EUR,2019,NA,NA,NA,NA,NA,NA,NA,NA,NA,NA,NA,NA,NA,NA,NA,NA,NA,NA,NA,NA,NA,NA,NA,NA,NA,NA,NA,NA,NA,NA,NA,NA,NA
Portugal,PT,PRT,620,EUR,2018,NA,NA,NA,NA,NA,NA,NA,NA,NA,NA,NA,NA,NA,NA,NA,NA,NA,NA,NA,NA,NA,NA,NA,NA,NA,NA,NA,NA,NA,NA,NA,NA,NA
Portugal,PT,PRT,620,EUR,2019,NA,NA,NA,NA,NA,NA,NA,NA,NA,NA,NA,NA,NA,NA,NA,NA,NA,NA,NA,NA,NA,NA,NA,NA,NA,NA,NA,NA,NA,NA,NA,NA,NA
Puerto Rico,PR,PRI,630,AMR,2018,NA,NA,NA,NA,NA,NA,NA,NA,NA,NA,NA,NA,NA,NA,NA,NA,NA,NA,NA,NA,NA,NA,NA,NA,NA,NA,1464000,NA,NA,NA,NA,NA,NA
Puerto Rico,PR,PRI,630,AMR,2019,NA,NA,NA,NA,NA,NA,NA,NA,NA,NA,NA,NA,NA,NA,NA,NA,NA,NA,NA,NA,NA,NA,NA,NA,NA,NA,NA,NA,NA,NA,NA,NA,NA
Qatar,QA,QAT,634,EMR,2018,NA,NA,NA,NA,NA,NA,NA,NA,NA,NA,NA,NA,NA,NA,NA,NA,NA,NA,NA,NA,NA,NA,NA,NA,NA,NA,NA,NA,NA,NA,NA,NA,NA
Qatar,QA,QAT,634,EMR,2019,NA,NA,NA,NA,NA,NA,NA,NA,NA,NA,NA,NA,NA,NA,NA,NA,NA,NA,NA,NA,NA,NA,NA,NA,NA,NA,NA,NA,NA,NA,NA,NA,NA
Republic of Korea,KR,KOR,410,WPR,2018,NA,NA,NA,NA,NA,NA,11224000,11224000,6637000,6637000,1197000,1197000,18822000,18822000,1138000,1138000,116000,116000,0,0,5421000,5421000,89000,89000,527000,527000,45171000,45171000,45171000,0,0,0,45171000
Republic of Korea,KR,KOR,410,WPR,2019,NA,NA,NA,NA,NA,NA,12574000,12574000,7913000,7913000,796000,796000,26473000,26473000,1131000,1131000,115000,115000,0,0,5249000,5249000,89000,89000,524000,524000,54864000,54864000,54864000,NA,NA,NA,54864000
Republic of Moldova,MD,MDA,498,EUR,2018,2290,50,776,1899,183,6395,1373292,1351962,20986732,20974627,290739,290739,3142750,2789708,3635824,3635824,8647,8647,2720,0,2676199,2516572,342866,342866,11658,0,32471427,31910945,28102729,3808216,0,0,31910945
Republic of Moldova,MD,MDA,498,EUR,2019,2520,47,732,1899,88,6395,1547353,1522589,24365773,24351719,339703,339703,3824091,3450714,3980661,3980661,10058,10058,5865,1083,2946025,2754587,447198,447198,27070,0,37493797,36858312,33148960,3709352,0,0,36858312
Romania,RO,ROU,642,EUR,2018,20000,70,1000,2700,100,8000,5000000,3000000,700000,500000,1400000,1400000,1700000,1400000,3500000,2500000,900000,600000,400000,350000,1000000,750000,500000,400000,2700000,2639670,17800000,13539670,10250000,3289670,0,0,13539670
Romania,RO,ROU,642,EUR,2019,19000,70,1000,2200,100,10000,5500000,4590454,700000,500000,1330000,1330000,1600000,1600000,3200000,3000000,360000,358468,300000,283229,500000,88000,500000,400000,997099,997099,14987099,13147250,10039546,2420250,0,687454,13147250
Russian Federation,RU,RUS,643,EUR,2018,74522,58,28806,3107,3491,10100,26329894,26329894,836264980,836264980,11276013,11276013,93780172,93780172,87096227,87096227,15621891,15621891,1174320,1174320,1176378,1176378,130355,130355,361729048,361729048,1434579278,1434579278,1434579278,0,0,0,1434579278
Russian Federation,RU,RUS,643,EUR,2019,66076,51,29561,2507,4922,6739,29023816,29023816,919298312,919298312,9846612,9846612,85134529,85134529,88829336,88829336,10965633,10965633,1361289,1361289,786687,786687,98459,98459,305381792,305381792,1450726465,1450726465,1450726465,0,0,0,1450726465
Rwanda,RW,RWA,646,AFR,2018,5538,30,90,1164,2,8181,1891025,1891025,1382944,1382944,166140,166140,2477286,2477286,121122,121122,39030,39030,249574,249574,84784,84784,0,0,11711,11711,6423616,6423616,219484,5942847,249574,11711,6423616
Rwanda,RW,RWA,646,AFR,2019,5623,33,88,858,5,4473,1396006,1396006,435095,435095,185559,185559,1897679,1897679,0,0,93179,93179,202566,202566,747217,747217,0,0,0,0,4957301,4957301,186003,4529732,0,241566,4957301
Saint Kitts and Nevis,KN,KNA,659,AMR,2018,NA,NA,NA,NA,NA,NA,NA,NA,NA,NA,NA,NA,NA,NA,NA,NA,NA,NA,NA,NA,NA,NA,NA,NA,NA,NA,4071,NA,NA,NA,NA,NA,NA
Saint Kitts and Nevis,KN,KNA,659,AMR,2019,NA,NA,NA,NA,NA,NA,NA,NA,NA,NA,NA,NA,NA,NA,NA,NA,NA,NA,NA,NA,NA,NA,NA,NA,NA,NA,4071,NA,NA,NA,NA,NA,NA
Saint Lucia,LC,LCA,662,AMR,2018,NA,NA,NA,NA,NA,NA,NA,NA,NA,NA,NA,NA,NA,NA,NA,NA,NA,NA,NA,NA,NA,NA,NA,NA,NA,NA,NA,NA,NA,NA,NA,NA,NA
Saint Lucia,LC,LCA,662,AMR,2019,NA,NA,NA,NA,NA,NA,NA,NA,NA,NA,NA,NA,NA,NA,NA,NA,NA,NA,NA,NA,NA,NA,NA,NA,NA,NA,NA,NA,NA,NA,NA,NA,NA
Saint Vincent and the Grenadines,VC,VCT,670,AMR,2018,NA,NA,NA,NA,NA,NA,NA,NA,NA,NA,NA,NA,NA,NA,NA,NA,NA,NA,NA,NA,NA,NA,NA,NA,NA,NA,NA,NA,NA,NA,NA,NA,NA
Saint Vincent and the Grenadines,VC,VCT,670,AMR,2019,NA,NA,NA,NA,NA,NA,NA,NA,NA,NA,NA,NA,NA,NA,NA,NA,NA,NA,NA,NA,NA,NA,NA,NA,NA,NA,NA,NA,NA,NA,NA,NA,NA
Samoa,WS,WSM,882,WPR,2018,NA,NA,NA,NA,NA,NA,NA,NA,NA,NA,NA,NA,NA,NA,NA,NA,NA,NA,NA,NA,NA,NA,NA,NA,NA,NA,NA,NA,NA,NA,NA,NA,NA
Samoa,WS,WSM,882,WPR,2019,NA,NA,NA,NA,NA,NA,NA,NA,NA,NA,NA,NA,NA,NA,NA,NA,NA,NA,NA,NA,NA,NA,NA,NA,NA,NA,NA,NA,NA,NA,NA,NA,NA
San Marino,SM,SMR,674,EUR,2018,NA,NA,NA,NA,NA,NA,NA,NA,NA,NA,NA,NA,NA,NA,NA,NA,NA,NA,NA,NA,NA,NA,NA,NA,NA,NA,35000,NA,NA,NA,NA,NA,NA
San Marino,SM,SMR,674,EUR,2019,NA,NA,NA,NA,NA,NA,NA,NA,NA,NA,NA,NA,NA,NA,NA,NA,NA,NA,NA,NA,NA,NA,NA,NA,NA,NA,35500,NA,NA,NA,NA,NA,NA
Sao Tome and Principe,ST,STP,678,AFR,2018,200,22,9,1800,1,4070,68626,25732,52200,23784,6200,6200,156453,151743,21200,21200,41900,39616,18483,11864,20679,20679,13000,0,0,0,398741,300818,53250,241668,0,5900,300818
Sao Tome and Principe,ST,STP,678,AFR,2019,200,25,7,1800,1,4070,60626,54844,32200,18315,6275,6183,156453,151743,20860,11169,45015,45015,18483,10197,25557,15608,10000,430,123124,117387,498593,430891,191359,227950,0,11582,430891
Saudi Arabia,SA,SAU,682,EMR,2018,NA,NA,NA,NA,NA,NA,NA,NA,NA,NA,NA,NA,NA,NA,NA,NA,NA,NA,NA,NA,NA,NA,NA,NA,NA,NA,20000000,NA,NA,NA,NA,NA,NA
Saudi Arabia,SA,SAU,682,EMR,2019,NA,NA,NA,NA,NA,NA,NA,NA,NA,NA,NA,NA,NA,NA,NA,NA,NA,NA,NA,NA,NA,NA,NA,NA,NA,NA,25000000,NA,NA,NA,NA,NA,NA
Senegal,SN,SEN,686,AFR,2018,15957,NA,89,NA,5,NA,2509699,824150,1023424,663563,576221,268086,994878,537268,297873,150741,189836,168991,476159,22678,393193,64096,210392,163925,5934765,273695,12606440,3137193,739532,2238691,0,158970,3137193
Senegal,SN,SEN,686,AFR,2019,16898,38,126,820,5,5308,5200000,515686,1750000,1401362,642124,445205,2600000,983458,129860,129860,600120,262561,1250000,184706,241291,95814,143300,58220,1213490,159534,13770185,4236406,1737238,2287149,0,212019,4236406
Serbia,RS,SRB,688,EUR,2018,700,98,6,6520,0,0,2097048,2091378,34124,16799,68600,68600,7085945,7063174,39120,39120,90102,88306,63602,47204,5000,0,3000,0,29769,0,9516310,9414581,9414581,0,0,0,9414581
Serbia,RS,SRB,688,EUR,2019,600,98,4,9720,1,14280,1801767,1795099,34124,18900,59090,59090,6116713,6093913,53397,53397,70103,70103,63602,47204,10000,0,4200,0,25878,NA,8238874,8137706,8137706,0,0,0,8137706
Seychelles,SC,SYC,690,AFR,2018,NA,NA,NA,NA,NA,NA,NA,NA,NA,NA,NA,NA,NA,NA,NA,NA,NA,NA,NA,NA,NA,NA,NA,NA,NA,NA,70000,NA,NA,NA,NA,NA,NA
Seychelles,SC,SYC,690,AFR,2019,NA,NA,NA,NA,NA,NA,NA,NA,NA,NA,NA,NA,NA,NA,NA,NA,NA,NA,NA,NA,NA,NA,NA,NA,NA,NA,12000,NA,NA,NA,NA,NA,NA
Sierra Leone,SL,SLE,694,AFR,2018,22278,32,195,1024,NA,NA,4000000,2618874,300000,264591,712896,712896,4288620,3744386,199680,199680,2575678,2273293,1056246,680663,500000,NA,192273,NA,1674607,1479797,15500000,11974180,264591,11086383,35465,587741,11974180
Sierra Leone,SL,SLE,694,AFR,2019,23898,42,268,2161,NA,NA,500000,300000,300000,295250,1003716,1003716,2803611,2103611,579148,579148,2164815,1864815,250000,14768,600000,100000,280000,NA,1000000,807340,9481290,7068648,295250,5966058,NA,807340,7068648
Singapore,SG,SGP,702,WPR,2018,NA,NA,NA,NA,NA,NA,NA,NA,NA,NA,NA,NA,NA,NA,NA,NA,NA,NA,NA,NA,NA,NA,NA,NA,NA,NA,15859725,NA,NA,NA,NA,NA,NA
Singapore,SG,SGP,702,WPR,2019,NA,NA,NA,NA,NA,NA,NA,NA,NA,NA,NA,NA,NA,NA,NA,NA,NA,NA,NA,NA,NA,NA,NA,NA,NA,NA,NA,NA,NA,NA,NA,NA,NA
Sint Maarten (Dutch part),SX,SXM,534,AMR,2018,NA,NA,NA,NA,NA,NA,NA,NA,NA,NA,NA,NA,NA,NA,NA,NA,NA,NA,NA,NA,NA,NA,NA,NA,NA,NA,3000,NA,NA,NA,NA,NA,NA
Sint Maarten (Dutch part),SX,SXM,534,AMR,2019,NA,NA,NA,NA,NA,NA,NA,NA,NA,NA,NA,NA,NA,NA,NA,NA,NA,NA,NA,NA,NA,NA,NA,NA,NA,NA,3000,NA,NA,NA,NA,NA,NA
Slovakia,SK,SVK,703,EUR,2018,NA,NA,NA,NA,NA,NA,NA,NA,NA,NA,NA,NA,NA,NA,NA,NA,NA,NA,NA,NA,NA,NA,NA,NA,NA,NA,10000,NA,NA,NA,NA,NA,NA
Slovakia,SK,SVK,703,EUR,2019,NA,NA,NA,NA,NA,NA,NA,NA,NA,NA,NA,NA,NA,NA,NA,NA,NA,NA,NA,NA,NA,NA,NA,NA,NA,NA,10000,NA,NA,NA,NA,NA,NA
Slovenia,SI,SVN,705,EUR,2018,NA,NA,NA,NA,NA,NA,NA,NA,NA,NA,NA,NA,NA,NA,NA,NA,NA,NA,NA,NA,NA,NA,NA,NA,NA,NA,NA,NA,NA,NA,NA,NA,NA
Slovenia,SI,SVN,705,EUR,2019,NA,NA,NA,NA,NA,NA,NA,NA,NA,NA,NA,NA,NA,NA,NA,NA,NA,NA,NA,NA,NA,NA,NA,NA,NA,NA,NA,NA,NA,NA,NA,NA,NA
Solomon Islands,SB,SLB,090,WPR,2018,450,70,7,670,0,0,129270,129270,343547,343547,31188,31188,438484,438484,4411,4411,11012,11012,2916,2916,61932,61932,8000,8000,0,0,1030760,1030760,482184,548576,0,0,1030760
Solomon Islands,SB,SLB,090,WPR,2019,515,70,7,670,0,0,187885,187885,178085,178085,36050,36050,550130,550130,4690,4690,11012,11012,2916,2916,0,0,94666,94666,0,0,1065434,1065434,419850,645584,0,0,1065434
Somalia,SO,SOM,706,EMR,2018,17700,14,434,994,16,2708,NA,777207,NA,14250,NA,242506,NA,1579094,NA,474963,NA,25000,NA,97160,NA,216000,NA,61867,NA,4011391,NA,7499438,NA,7499438,NA,NA,7499438
Somalia,SO,SOM,706,EMR,2019,18500,57,600,1300,NA,NA,413398,413398,3132721,3132721,1014723,1014723,2659418,2659418,298019,298019,90314,90314,128187,128187,300000,300000,0,0,192634,192634,8229414,8229414,NA,8229414,NA,NA,8229414
South Africa,ZA,ZAF,710,AFR,2018,291690,35,14863,678,3880,5016,139515641,139515641,9222370,9222370,10923791,10923791,24983919,24983919,31606938,31606938,2574514,2574514,9196987,9196987,16180851,16180851,1642857,0,24690225,24690225,270538093,268895236,247352379,9042857,12500000,NA,268895236
South Africa,ZA,ZAF,710,AFR,2019,317362,32,11400,1331,600,8628,110958162,110958162,10144607,10144607,11678922,11678922,27482311,27482311,20605464,20605464,2831965,2831965,11375971,11375971,21180850,21180850,0,0,23463834,23463834,239722086,239722086,208274028,20448058,11000000,NA,239722086
South Sudan,SS,SSD,728,AFR,2018,NA,NA,NA,NA,NA,NA,201754,201754,1121604,1121604,892625,892625,76509,76509,8750,8750,359006,359006,56303,56303,8750,8750,150534,150534,753995,753995,3629830,3629830,NA,3629830,NA,NA,3629830
South Sudan,SS,SSD,728,AFR,2019,17000,52,289,4173,0,0,3204469,100030,2452859,750207,878062,792506,878062,760268,1243660,265210,943660,156287,1078161,27057,300000,24480,0,0,1500000,1368605,12478933,4244650,NA,4244650,NA,NA,4244650
Spain,ES,ESP,724,EUR,2018,NA,NA,NA,NA,NA,NA,NA,NA,NA,NA,NA,NA,NA,NA,NA,NA,NA,NA,NA,NA,NA,NA,NA,NA,NA,NA,NA,NA,NA,NA,NA,NA,NA
Spain,ES,ESP,724,EUR,2019,NA,NA,NA,NA,NA,NA,NA,NA,NA,NA,NA,NA,NA,NA,NA,NA,NA,NA,NA,NA,NA,NA,NA,NA,NA,NA,NA,NA,NA,NA,NA,NA,NA
Sri Lanka,LK,LKA,144,SEA,2018,8510,20,30,1312,1,7314,1335837,1330472,3409944,3409944,198878,37538,3156721,2506445,73441,37538,37616,37538,40000,33258,12348,0,102210,92367,30576,0,8397571,7485100,3724174,3732362,0,28564,7485100
Sri Lanka,LK,LKA,144,SEA,2019,8676,47,35,4871,NA,NA,828634,828634,3305768,3305768,407772,407772,260694,260694,170497,170497,1096,1096,456,456,7670,7670,NA,NA,85227,85227,5067814,5067814,3526847,1455740,NA,85227,5067814
Sudan,SD,SDN,729,EMR,2018,22500,32,2018,1200,4,4600,1000000,821284,2879291,2553541,987852,740889,3875006,1262820,523246,261623,1291668,101928,100423,100423,1500000,111150,15000,15000,1900000,1748059,14072486,7716717,2493541,5223176,NA,NA,7716717
Sudan,SD,SDN,729,EMR,2019,24000,28,234,532,3,930,3405845,1431513,772386,275586,687316,687316,3313911,697689,313383,313383,380326,234384,54000,15018,1579500,183000,15000,15000,1320255,1320255,11841922,5173144,169200,5003944,NA,NA,5173144
Suriname,SR,SUR,740,AMR,2018,140,71,10,2180,0,7620,253105,200000,283132,175000,15000,15000,580975,338327,33780,4859,79600,0,10620,10620,36000,36000,10000,10000,325056,29000,1627268,818806,401026,357618,0,60162,818806
Suriname,SR,SUR,740,AMR,2019,170,89,7,2180,0,7260,113808,108808,417559,417559,15016,15016,125000,79866,15000,5000,90000,70000,25000,15000,24402,24402,15000,3000,132850,132850,973635,871501,385719,395782,0,90000,871501
Sweden,SE,SWE,752,EUR,2018,NA,NA,NA,NA,NA,NA,NA,NA,NA,NA,NA,NA,NA,NA,NA,NA,NA,NA,NA,NA,NA,NA,NA,NA,NA,NA,NA,NA,NA,NA,NA,NA,NA
Sweden,SE,SWE,752,EUR,2019,NA,NA,NA,NA,NA,NA,NA,NA,NA,NA,NA,NA,NA,NA,NA,NA,NA,NA,NA,NA,NA,NA,NA,NA,NA,NA,NA,NA,NA,NA,NA,NA,NA
Switzerland,CH,CHE,756,EUR,2018,NA,NA,NA,NA,NA,NA,NA,NA,NA,NA,NA,NA,NA,NA,NA,NA,NA,NA,NA,NA,NA,NA,NA,NA,NA,NA,2900000,NA,NA,NA,NA,NA,NA
Switzerland,CH,CHE,756,EUR,2019,NA,NA,NA,NA,NA,NA,NA,NA,NA,NA,NA,NA,NA,NA,NA,NA,NA,NA,NA,NA,NA,NA,NA,NA,NA,NA,2900000,NA,NA,NA,NA,NA,NA
Syrian Arab Republic,SY,SYR,760,EMR,2018,2800,60,18,3000,3,6000,184000,184000,NA,NA,162000,162000,70000,70000,72000,72000,NA,NA,NA,NA,214800,214800,1000,1000,NA,NA,703800,703800,0,703800,0,0,703800
Syrian Arab Republic,SY,SYR,760,EMR,2019,3500,60,40,3000,0,6000,237636,237636,0,0,210000,210000,263488,263488,120000,120000,25000,25000,0,0,48000,48000,0,0,0,0,904124,904124,0,904124,0,0,904124
Tajikistan,TJ,TJK,762,EUR,2018,5498,44,569,2060,244,4860,4051834,3069571,1913620,1472015,241912,241912,1205492,913252,2569883,2569883,176260,133530,2784620,2142016,847887,642339,48750,37500,2300615,1742891,16140873,12964909,3016064,6237268,3069651,641926,12964909
Tajikistan,TJ,TJK,762,EUR,2019,5474,30,404,1562,516,1562,4335462,3468369,1014943,845786,164220,131376,705302,587752,1437040,1149632,188598,150878,0,0,769729,641441,0,0,1344988,1075990,9960282,8051224,4845161,2088638,328307,789118,8051224
Thailand,TH,THA,764,SEA,2018,136730,72,843,4792,24,36749,2946152,2946152,1528138,1528138,9844549,9844549,5124733,5124733,5057765,5057765,476128,476128,14672,14672,205043,205043,34349,34349,629220,629220,25860749,25860749,22387230,3439170,0,34349,25860749
Thailand,TH,THA,764,SEA,2019,91800,55,2725,3786,136,2745,4002630,4002630,1528026,1528026,5062477,5062477,4203000,4203000,10690170,10690170,470530,470530,15050,15050,294227,294227,34833,34833,530000,530000,26830943,26830943,23565944,3264999,0,0,26830943
Timor-Leste,TL,TLS,626,SEA,2018,4354,45,10,945,0,0,323616,323616,212678,212678,195930,195930,890280,890280,9450,9450,25000,25000,76250,76250,1500,1500,38979,38979,0,0,1773683,1773683,0,1773683,0,0,1773683
Timor-Leste,TL,TLS,626,SEA,2019,4938,24,36,761,0,0,142044,142044,666851,666851,119870,119870,306498,306498,27413,27413,44918,44918,207617,207617,39938,39938,43956,43956,1557865,1557865,3156970,3156970,461356,2695614,0,0,3156970
Togo,TG,TGO,768,AFR,2018,3176,9,35,733,0,0,124355,124355,249682,249682,27265,27265,156914,156914,25662,25662,30132,30132,0,0,41464,41464,8554,8554,132287,132287,796315,796315,222404,491735,0,82176,796315
Togo,TG,TGO,768,AFR,2019,3426,26,37,42,2,2266,269406,269406,296471,296471,90248,90248,298878,298878,39214,39214,28901,28901,13759,13759,20248,20248,173755,173755,0,0,1230880,1230880,178719,167871,0,884290,1230880
Tokelau,TK,TKL,772,WPR,2018,NA,NA,NA,NA,NA,NA,NA,NA,NA,NA,NA,NA,NA,NA,NA,NA,NA,NA,NA,NA,NA,NA,NA,NA,NA,NA,0,NA,NA,NA,NA,NA,NA
Tokelau,TK,TKL,772,WPR,2019,NA,NA,NA,NA,NA,NA,NA,NA,NA,NA,NA,NA,NA,NA,NA,NA,NA,NA,NA,NA,NA,NA,NA,NA,NA,NA,NA,NA,NA,NA,NA,NA,NA
Tonga,TO,TON,776,WPR,2018,NA,NA,NA,NA,NA,NA,NA,NA,NA,NA,NA,NA,NA,NA,NA,NA,NA,NA,NA,NA,NA,NA,NA,NA,NA,NA,207875,NA,NA,NA,NA,NA,NA
Tonga,TO,TON,776,WPR,2019,NA,NA,NA,NA,NA,NA,NA,NA,NA,NA,NA,NA,NA,NA,NA,NA,NA,NA,NA,NA,NA,NA,NA,NA,NA,NA,207875,NA,NA,NA,NA,NA,NA
Trinidad and Tobago,TT,TTO,780,AMR,2018,NA,NA,NA,NA,NA,NA,NA,NA,NA,NA,NA,NA,NA,NA,NA,NA,NA,NA,NA,NA,NA,NA,NA,NA,NA,NA,NA,NA,NA,NA,NA,NA,NA
Trinidad and Tobago,TT,TTO,780,AMR,2019,NA,NA,NA,NA,NA,NA,NA,NA,NA,NA,NA,NA,NA,NA,NA,NA,NA,NA,NA,NA,NA,NA,NA,NA,NA,NA,NA,NA,NA,NA,NA,NA,NA
Tunisia,TN,TUN,788,EMR,2018,3500,110,30,5000,2,7000,242000,242000,680000,680000,316000,316000,96000,96000,84000,84000,30000,30000,3600,3600,36000,0,50000,0,0,0,1537600,1451600,1451600,0,0,0,1451600
Tunisia,TN,TUN,788,EMR,2019,3500,100,30,5000,2,7000,300000,300000,700000,700000,350000,350000,100000,100000,100000,100000,30000,30000,4000,4000,40000,40000,50000,50000,NA,NA,1674000,1674000,1674000,0,0,0,1674000
Turkey,TR,TUR,792,EUR,2018,NA,NA,NA,NA,NA,NA,NA,NA,NA,NA,NA,NA,NA,NA,NA,NA,NA,NA,NA,NA,NA,NA,NA,NA,NA,NA,NA,NA,NA,NA,NA,NA,NA
Turkey,TR,TUR,792,EUR,2019,NA,NA,NA,NA,NA,NA,NA,NA,NA,NA,NA,NA,NA,NA,NA,NA,NA,NA,NA,NA,NA,NA,NA,NA,NA,NA,NA,NA,NA,NA,NA,NA,NA
Turkmenistan,TM,TKM,795,EUR,2018,2800,33,268,1542,21,9149,NA,NA,NA,NA,NA,NA,NA,NA,NA,NA,NA,NA,NA,NA,NA,NA,NA,NA,NA,NA,NA,NA,NA,NA,NA,NA,NA
Turkmenistan,TM,TKM,795,EUR,2019,NA,NA,NA,NA,NA,NA,NA,NA,NA,NA,NA,NA,NA,NA,NA,NA,NA,NA,NA,NA,NA,NA,NA,NA,NA,NA,NA,NA,NA,NA,NA,NA,NA
Turks and Caicos Islands,TC,TCA,796,AMR,2018,NA,NA,NA,NA,NA,NA,NA,NA,NA,NA,NA,NA,NA,NA,NA,NA,NA,NA,NA,NA,NA,NA,NA,NA,NA,NA,NA,NA,NA,NA,NA,NA,NA
Turks and Caicos Islands,TC,TCA,796,AMR,2019,NA,NA,NA,NA,NA,NA,NA,NA,NA,NA,NA,NA,NA,NA,NA,NA,NA,NA,NA,NA,NA,NA,NA,NA,NA,NA,NA,NA,NA,NA,NA,NA,NA
Tuvalu,TV,TUV,798,WPR,2018,NA,NA,NA,NA,NA,NA,NA,NA,NA,NA,NA,NA,NA,NA,NA,NA,NA,NA,NA,NA,NA,NA,NA,NA,NA,NA,NA,NA,NA,NA,NA,NA,NA
Tuvalu,TV,TUV,798,WPR,2019,NA,NA,NA,NA,NA,NA,NA,NA,NA,NA,NA,NA,NA,NA,NA,NA,NA,NA,NA,NA,NA,NA,NA,NA,NA,NA,78140,NA,NA,NA,NA,NA,NA
Uganda,UG,UGA,800,AFR,2018,50073,40,663,2000,7,2344,4321467,1321467,707000,600000,3377556,2880913,1105532,1000000,1342408,384388,225000,200000,1055372,1000000,3629040,3000000,122300,120000,1000000,200000,16885675,10706768,30000,5226398,5000000,450370,10706768
Uganda,UG,UGA,800,AFR,2019,62699,31,646,1562,10,2761,11426295,6707734,800000,683939,1922000,1922000,6030446,3300000,1036662,1036662,4500000,2678000,3000000,2500000,1422825,1118550,6058270,2500000,880436,341990,37076934,22788875,1908108,10376166,10000000,504601,22788875
Ukraine,UA,UKR,804,EUR,2018,36516,35,6097,1509,1535,5455,5357827,5357827,166118,166118,0,0,1076258,1076258,22195554,22195554,1234393,1234393,0,0,6144107,6144107,0,0,0,0,36174257,36174257,23459844,12714413,NA,NA,36174257
Ukraine,UA,UKR,804,EUR,2019,26704,39,1195,185,4780,3669,6284684,6284684,111252,111252,0,0,1526216,1153322,24194450,23947437,3717936,2014295,507001,506693,3085449,2986244,54625,54584,20861071,17140349,60342684,54198860,46958677,7240183,NA,NA,54198860
United Arab Emirates,AE,ARE,784,EMR,2018,NA,NA,NA,NA,NA,NA,NA,NA,NA,NA,NA,NA,NA,NA,NA,NA,NA,NA,NA,NA,NA,NA,NA,NA,NA,NA,NA,NA,NA,NA,NA,NA,NA
United Arab Emirates,AE,ARE,784,EMR,2019,NA,NA,NA,NA,NA,NA,NA,NA,NA,NA,NA,NA,NA,NA,NA,NA,NA,NA,NA,NA,NA,NA,NA,NA,NA,NA,NA,NA,NA,NA,NA,NA,NA
United Kingdom of Great Britain and Northern Ireland,GB,GBR,826,EUR,2018,NA,NA,NA,NA,NA,NA,NA,NA,NA,NA,NA,NA,NA,NA,NA,NA,NA,NA,NA,NA,NA,NA,NA,NA,NA,NA,NA,NA,NA,NA,NA,NA,NA
United Kingdom of Great Britain and Northern Ireland,GB,GBR,826,EUR,2019,NA,NA,NA,NA,NA,NA,NA,NA,NA,NA,NA,NA,NA,NA,NA,NA,NA,NA,NA,NA,NA,NA,NA,NA,NA,NA,NA,NA,NA,NA,NA,NA,NA
United Republic of Tanzania,TZ,TZA,834,AFR,2018,75184,20,511,7800,1,30000,23063598,3360616,1436888,1436888,3831477,3831477,20980062,12598788,4015800,1073061,4723045,3225000,4959008,4810133,223939,77344,707250,471025,NA,NA,63941067,30884332,1766642,16091737,12275953,750000,30884332
United Republic of Tanzania,TZ,TZA,834,AFR,2019,80484,18,593,1600,1,2800,23063593,2138195,1436888,1436888,1831477,1627641,21980062,8575137,2015800,545013,5723045,2255362,4946571,779820,223939,71096,707250,41786,NA,NA,61928625,17470938,2357684,10577886,3697865,837503,17470938
United States of America,US,USA,840,AMR,2018,NA,NA,NA,NA,NA,NA,NA,NA,NA,NA,NA,NA,NA,NA,NA,NA,NA,NA,NA,NA,NA,NA,NA,NA,NA,NA,135034000,NA,NA,NA,NA,NA,NA
United States of America,US,USA,840,AMR,2019,NA,NA,NA,NA,NA,NA,NA,NA,NA,NA,NA,NA,NA,NA,NA,NA,NA,NA,NA,NA,NA,NA,NA,NA,NA,NA,135034000,NA,NA,NA,NA,NA,NA
Uruguay,UY,URY,858,AMR,2018,NA,NA,NA,NA,NA,NA,227614,227614,3228428,3228428,97887,97887,NA,NA,38869,38869,NA,NA,NA,NA,465854,465854,172540,172540,464158,464158,4695350,4695350,4695350,NA,NA,NA,4695350
Uruguay,UY,URY,858,AMR,2019,1100,96,4,NA,0,NA,245732,245732,3485411,3485411,105679,105679,0,0,41963,41963,0,0,0,0,502936,502936,186274,186274,501105,501105,5069100,5069100,5069100,0,0,0,5069100
Uzbekistan,UZ,UZB,860,EUR,2018,NA,NA,NA,NA,NA,NA,1471080,1471080,361655,361655,NA,NA,877709,877709,7372394,7372394,192029,192029,20610,20610,12000,12000,NA,NA,740226,740226,11047703,11047703,NA,9845430,910319,291954,11047703
Uzbekistan,UZ,UZB,860,EUR,2019,NA,NA,NA,NA,NA,NA,NA,NA,NA,NA,NA,NA,NA,NA,NA,NA,NA,NA,NA,NA,NA,NA,NA,NA,NA,NA,NA,NA,NA,NA,NA,NA,NA
Vanuatu,VU,VUT,548,WPR,2018,110,66,0,0,0,0,2000,2000,210000,210000,7293,7293,72000,72000,0,0,0,0,3000,3000,0,0,0,0,20000,20000,314293,314293,114293,180000,0,20000,314293
Vanuatu,VU,VUT,548,WPR,2019,129,61,0,0,0,0,2000,2000,210000,210000,7869,7869,172498,172498,0,0,4381,4381,10513,10513,0,0,0,0,0,0,407261,407261,219869,155031,0,32361,407261
Venezuela (Bolivarian Republic of),VE,VEN,862,AMR,2018,10900,27,77,976,5,3055,1350000,0,NA,NA,304277,304277,500000,0,90500,90500,100000,0,100000,0,100000,0,150000,0,156000,0,2850777,394777,394777,0,0,0,394777
Venezuela (Bolivarian Republic of),VE,VEN,862,AMR,2019,13600,27,70,738,20,3055,1007788,0,2238,2238,442508,442508,500000,0,114791,114791,100000,0,100000,0,100000,0,150000,0,156000,0,2673325,559537,559537,0,0,0,559537
Viet Nam,VN,VNM,704,WPR,2018,101745,55,2849,671,571,3684,6942607,1877007,25501815,1140656,5500000,5460435,12932351,7614234,3324900,4104274,9852358,5187910,1816512,515358,3046533,1260266,818463,148759,62619,58370,69798158,27367269,7917308,17006869,NA,2443092,27367269
Viet Nam,VN,VNM,704,WPR,2019,101745,55,3374,1098,676,3221,6942607,1057000,26501815,4707816,5500000,852043,14342337,8887854,5882048,5882048,7295210,1777279,1800984,1250747,2881143,1991666,525388,505410,62619,26740,71734151,26938603,9803896,15514867,NA,1619840,26938603
Wallis and Futuna Islands,WF,WLF,876,WPR,2018,NA,NA,NA,NA,NA,NA,NA,NA,NA,NA,NA,NA,NA,NA,NA,NA,NA,NA,NA,NA,NA,NA,NA,NA,NA,NA,NA,NA,NA,NA,NA,NA,NA
Wallis and Futuna Islands,WF,WLF,876,WPR,2019,NA,NA,NA,NA,NA,NA,NA,NA,NA,NA,NA,NA,NA,NA,NA,NA,NA,NA,NA,NA,NA,NA,NA,NA,NA,NA,NA,NA,NA,NA,NA,NA,NA
West Bank and Gaza Strip,PS,PSE,275,EMR,2018,NA,NA,NA,NA,NA,NA,NA,NA,NA,NA,NA,NA,NA,NA,NA,NA,NA,NA,NA,NA,NA,NA,NA,NA,NA,NA,NA,NA,NA,NA,NA,NA,NA
West Bank and Gaza Strip,PS,PSE,275,EMR,2019,40,400,1,NA,0,NA,NA,NA,NA,NA,NA,NA,NA,NA,NA,NA,NA,NA,NA,NA,NA,NA,NA,NA,NA,NA,NA,NA,NA,NA,NA,NA,NA
Yemen,YE,YEM,887,EMR,2018,10000,0,43,0,0,0,885434,170000,1010000,410000,398217,398217,2790489,560000,98600,98600,700856,77856,10000,3000,78380,40000,50000,0,469296,269296,6491272,2026969,34400,1992569,NA,NA,2026969
Yemen,YE,YEM,887,EMR,2019,10000,25,58,2500,0,NA,275207,201125,586400,277440,250000,250000,2645145,319138,145000,145000,97960,42760,53605,0,91000,17760,106000,0,0,0,4250317,1253223,292060,881163,0,80000,1253223
Zambia,ZM,ZMB,894,AFR,2018,50654,156,411,2940,20,4397,15624861,12124861,928340,618115,7902024,7302024,1490000,1000000,1296280,1096280,3418818,3018818,3579570,3079570,1807679,920000,1300000,700000,410000,410000,37757572,30269668,10612996,9044576,7000000,3612096,30269668
Zambia,ZM,ZMB,894,AFR,2019,54620,156,721,5822,5,6240,8624861,6464317,718340,618115,8520720,6587313,2500000,1500000,4228862,3503074,2418818,1018818,2179570,1079570,637679,500000,800000,700000,410000,410000,31038850,22381207,9000000,5475748,4905459,3000000,22381207
Zimbabwe,ZW,ZWE,716,AFR,2018,30953,29,566,1038,30,3568,2940555,2042674,1606895,1606895,884732,884732,20157987,6487579,694548,694548,307412,307412,2521675,428650,210000,178800,260000,172400,0,0,29583804,12803690,NA,7203690,5600000,NA,12803690
Zimbabwe,ZW,ZWE,716,AFR,2019,31731,38,725,1490,15,4762,3444798,3085333,2222465,1606894,1316171,1316171,22703981,4471839,1109433,1193266,2651640,518268,5193385,244350,2403250,248216,267960,104362,NA,NA,41313083,12788699,143204,8517038,4048457,80000,12788699
