month_number,month_name,day_of_month,day_of_year,births
1,January,1,1,21
1,January,2,2,11
1,January,3,3,17
1,January,4,4,15
1,January,5,5,14
1,January,6,6,10
1,January,7,7,12
1,January,8,8,16
1,January,9,9,10
1,January,10,10,7
1,January,11,11,13
1,January,12,12,12
1,January,13,13,9
1,January,14,14,12
1,January,15,15,17
1,January,16,16,13
1,January,17,17,10
1,January,18,18,8
1,January,19,19,14
1,January,20,20,13
1,January,21,21,13
1,January,22,22,13
1,January,23,23,10
1,January,24,24,8
1,January,25,25,14
1,January,26,26,15
1,January,27,27,12
1,January,28,28,14
1,January,29,29,12
1,January,30,30,18
1,January,31,31,18
2,February,1,32,17
2,February,2,33,17
2,February,3,34,11
2,February,4,35,13
2,February,5,36,14
2,February,6,37,13
2,February,7,38,21
2,February,8,39,16
2,February,9,40,14
2,February,10,41,16
2,February,11,42,15
2,February,12,43,12
2,February,13,44,12
2,February,14,45,14
2,February,15,46,9
2,February,16,47,13
2,February,17,48,11
2,February,18,49,17
2,February,19,50,17
2,February,20,51,9
2,February,21,52,6
2,February,22,53,24
2,February,23,54,17
2,February,24,55,8
2,February,25,56,19
2,February,26,57,12
2,February,27,58,15
2,February,28,59,14
2,February,29,60,3
3,March,1,61,13
3,March,2,62,8
3,March,3,63,11
3,March,4,64,10
3,March,5,65,18
3,March,6,66,17
3,March,7,67,14
3,March,8,68,9
3,March,9,69,15
3,March,10,70,18
3,March,11,71,16
3,March,12,72,15
3,March,13,73,12
3,March,14,74,15
3,March,15,75,7
3,March,16,76,11
3,March,17,77,12
3,March,18,78,20
3,March,19,79,15
3,March,20,80,15
3,March,21,81,14
3,March,22,82,17
3,March,23,83,16
3,March,24,84,10
3,March,25,85,20
3,March,26,86,13
3,March,27,87,9
3,March,28,88,22
3,March,29,89,16
3,March,30,90,7
3,March,31,91,11
4,April,1,92,16
4,April,2,93,12
4,April,3,94,18
4,April,4,95,14
4,April,5,96,12
4,April,6,97,8
4,April,7,98,8
4,April,8,99,11
4,April,9,100,17
4,April,10,101,10
4,April,11,102,10
4,April,12,103,9
4,April,13,104,20
4,April,14,105,6
4,April,15,106,13
4,April,16,107,14
4,April,17,108,17
4,April,18,109,17
4,April,19,110,13
4,April,20,111,6
4,April,21,112,12
4,April,22,113,17
4,April,23,114,6
4,April,24,115,7
4,April,25,116,11
4,April,26,117,15
4,April,27,118,6
4,April,28,119,15
4,April,29,120,7
4,April,30,121,12
5,May,1,122,15
5,May,2,123,13
5,May,3,124,9
5,May,4,125,12
5,May,5,126,16
5,May,6,127,14
5,May,7,128,15
5,May,8,129,11
5,May,9,130,15
5,May,10,131,14
5,May,11,132,8
5,May,12,133,11
5,May,13,134,12
5,May,14,135,8
5,May,15,136,15
5,May,16,137,10
5,May,17,138,17
5,May,18,139,13
5,May,19,140,11
5,May,20,141,14
5,May,21,142,11
5,May,22,143,18
5,May,23,144,10
5,May,24,145,14
5,May,25,146,10
5,May,26,147,11
5,May,27,148,16
5,May,28,149,7
5,May,29,150,15
5,May,30,151,11
5,May,31,152,13
6,June,1,153,13
6,June,2,154,11
6,June,3,155,10
6,June,4,156,10
6,June,5,157,15
6,June,6,158,12
6,June,7,159,14
6,June,8,160,13
6,June,9,161,9
6,June,10,162,15
6,June,11,163,14
6,June,12,164,17
6,June,13,165,14
6,June,14,166,14
6,June,15,167,12
6,June,16,168,17
6,June,17,169,17
6,June,18,170,8
6,June,19,171,15
6,June,20,172,14
6,June,21,173,16
6,June,22,174,17
6,June,23,175,14
6,June,24,176,13
6,June,25,177,10
6,June,26,178,13
6,June,27,179,14
6,June,28,180,10
6,June,29,181,13
6,June,30,182,8
7,July,1,183,13
7,July,2,184,16
7,July,3,185,17
7,July,4,186,13
7,July,5,187,13
7,July,6,188,11
7,July,7,189,13
7,July,8,190,13
7,July,9,191,13
7,July,10,192,8
7,July,11,193,21
7,July,12,194,12
7,July,13,195,11
7,July,14,196,14
7,July,15,197,20
7,July,16,198,13
7,July,17,199,14
7,July,18,200,15
7,July,19,201,10
7,July,20,202,22
7,July,21,203,13
7,July,22,204,10
7,July,23,205,14
7,July,24,206,20
7,July,25,207,17
7,July,26,208,20
7,July,27,209,15
7,July,28,210,13
7,July,29,211,17
7,July,30,212,8
7,July,31,213,13
8,August,1,214,12
8,August,2,215,10
8,August,3,216,17
8,August,4,217,12
8,August,5,218,10
8,August,6,219,9
8,August,7,220,13
8,August,8,221,16
8,August,9,222,15
8,August,10,223,11
8,August,11,224,9
8,August,12,225,13
8,August,13,226,10
8,August,14,227,13
8,August,15,228,12
8,August,16,229,15
8,August,17,230,15
8,August,18,231,15
8,August,19,232,7
8,August,20,233,13
8,August,21,234,11
8,August,22,235,9
8,August,23,236,15
8,August,24,237,14
8,August,25,238,12
8,August,26,239,17
8,August,27,240,12
8,August,28,241,6
8,August,29,242,16
8,August,30,243,18
8,August,31,244,19
9,September,1,245,15
9,September,2,246,19
9,September,3,247,14
9,September,4,248,10
9,September,5,249,12
9,September,6,250,11
9,September,7,251,21
9,September,8,252,10
9,September,9,253,20
9,September,10,254,17
9,September,11,255,17
9,September,12,256,10
9,September,13,257,16
9,September,14,258,14
9,September,15,259,17
9,September,16,260,10
9,September,17,261,10
9,September,18,262,12
9,September,19,263,24
9,September,20,264,6
9,September,21,265,22
9,September,22,266,9
9,September,23,267,14
9,September,24,268,18
9,September,25,269,8
9,September,26,270,13
9,September,27,271,12
9,September,28,272,13
9,September,29,273,12
9,September,30,274,12
10,October,1,275,6
10,October,2,276,22
10,October,3,277,18
10,October,4,278,12
10,October,5,279,18
10,October,6,280,13
10,October,7,281,13
10,October,8,282,10
10,October,9,283,12
10,October,10,284,16
10,October,11,285,13
10,October,12,286,10
10,October,13,287,13
10,October,14,288,10
10,October,15,289,13
10,October,16,290,14
10,October,17,291,14
10,October,18,292,6
10,October,19,293,12
10,October,20,294,12
10,October,21,295,16
10,October,22,296,14
10,October,23,297,7
10,October,24,298,7
10,October,25,299,16
10,October,26,300,20
10,October,27,301,18
10,October,28,302,18
10,October,29,303,9
10,October,30,304,19
10,October,31,305,12
11,November,1,306,19
11,November,2,307,15
11,November,3,308,13
11,November,4,309,12
11,November,5,310,17
11,November,6,311,10
11,November,7,312,10
11,November,8,313,15
11,November,9,314,4
11,November,10,315,12
11,November,11,316,10
11,November,12,317,14
11,November,13,318,17
11,November,14,319,8
11,November,15,320,9
11,November,16,321,10
11,November,17,322,11
11,November,18,323,15
11,November,19,324,13
11,November,20,325,17
11,November,21,326,15
11,November,22,327,11
11,November,23,328,13
11,November,24,329,12
11,November,25,330,12
11,November,26,331,13
11,November,27,332,11
11,November,28,333,11
11,November,29,334,14
11,November,30,335,16
12,December,1,336,6
12,December,2,337,16
12,December,3,338,10
12,December,4,339,11
12,December,5,340,7
12,December,6,341,12
12,December,7,342,14
12,December,8,343,12
12,December,9,344,17
12,December,10,345,11
12,December,11,346,12
12,December,12,347,10
12,December,13,348,8
12,December,14,349,12
12,December,15,350,9
12,December,16,351,14
12,December,17,352,15
12,December,18,353,17
12,December,19,354,18
12,December,20,355,18
12,December,21,356,7
12,December,22,357,11
12,December,23,358,12
12,December,24,359,8
12,December,25,360,7
12,December,26,361,12
12,December,27,362,14
12,December,28,363,9
12,December,29,364,4
12,December,30,365,20
12,December,31,366,16
